"title","hex","source"
".NET","5C2D91","https://docs.microsoft.com/en-us/dotnet/images/hub/net.svg"
"1001Tracklists","40AEF0","https://www.1001tracklists.com/"
"1Password","0094F5","https://1password.com/press/"
"42","000000","https://www.42.fr/"
"4D","004088","https://www.4d.com/"
"500px","0099E5","https://about.500px.com/press"
"A-Frame","EF2D5E","https://aframe.io/docs/"
"ABB RobotStudio","FF9E0F","https://new.abb.com/products/robotics/en/robotstudio/downloads"
"Abbvie","071D49","https://www.abbvie.com/"
"Ableton Live","000000","https://www.ableton.com/en/legal/branding-trademark-guidelines/"
"About.me","00A98F","https://about.me/assets"
"Abstract","191A1B","https://www.abstract.com/about/"
"Academia","41454A","https://www.academia.edu/"
"Accusoft","A9225C","https://company-39138.frontify.com/d/7EKFm12NQSa8/accusoft-corporation-style-guide#/style-guide/logo"
"ACM","0085CA","http://identitystandards.acm.org/"
"ActiGraph","0B2C4A","http://www.actigraphcorp.com/"
"Activision","000000","https://www.activision.com/"
"AdBlock","F40D12","https://getadblock.com/"
"Adblock Plus","C70D2C","https://adblockplus.org/"
"AddThis","FF6550","http://www.addthis.com/"
"AdGuard","66B574","https://adguard.com/en/contribute.html"
"Adobe","FF0000","https://www.adobe.com/"
"Adobe Acrobat Reader","EC1C24","https://acrobat.adobe.com/"
"Adobe After Effects","9999FF","https://www.adobe.com/products/aftereffects.html"
"Adobe Audition","9999FF","https://www.adobe.com/creativecloud/video.html"
"Adobe Creative Cloud","DA1F26","https://www.adobe.com/creativecloud/plans.html"
"Adobe Dreamweaver","FF61F6","https://www.adobe.com/products/dreamweaver.html"
"Adobe Fonts","323232","https://www.adobe.com/creativecloud/services.html"
"Adobe Illustrator","FF9A00","https://www.adobe.com/products/illustrator.html"
"Adobe InDesign","FF3366","https://www.adobe.com/products/indesign.html"
"Adobe Lightroom","31A8FF","https://www.adobe.com/products/photoshop-lightroom.html"
"Adobe Lightroom Classic","31A8FF","https://www.adobe.com/products/photoshop-lightroom-classic.html"
"Adobe PhoneGap","27A1C5","https://phonegap.com/about/logos/"
"Adobe Photoshop","31A8FF","https://www.adobe.com/products/photoshop.html"
"Adobe Premiere Pro","9999FF","https://www.adobe.com/ie/products/premiere.html"
"Adobe XD","FF26BE","https://www.adobe.com/products/xd.html"
"AdonisJS","220052","https://adonisjs.com/"
"Aer Lingus","006272","https://www.aerlingus.com/"
"Affinity","222324","https://affinity.serif.com/"
"Affinity Designer","1B72BE","https://affinity.serif.com/en-gb/designer/"
"Affinity Photo","7E4DD2","https://affinity.serif.com/en-gb/photo/"
"Affinity Publisher","C9284D","https://affinity.serif.com/en-gb/publisher/"
"AI Dungeon","000000","https://commons.wikimedia.org/wiki/File:AI_Dungeon_Logo.png"
"Aiqfome","7A1FA2","https://aiqfome.com"
"Air Canada","F01428","https://www.aircanada.com/"
"Air France","002157","https://www.airfrance.fr/"
"Airbnb","FF5A5F","https://www.airbnb.com"
"Airbus","00205B","https://brand.airbus.com/brand-elements/logo.html"
"Aircall","00B388","https://aircall.io/"
"AirPlay Audio","000000","https://developer.apple.com/design/human-interface-guidelines/airplay/overview/icons/"
"AirPlay Video","000000","https://developer.apple.com/design/human-interface-guidelines/airplay/overview/icons/"
"Airtable","18BFFF","https://airtable.com/press"
"Alfa Romeo","981E32","http://www.fcaci.com/x/Alfa"
"Algolia","5468FF","https://www.algolia.com/press/?section=brand-guidelines"
"Alipay","00A1E9","https://gw.alipayobjects.com/os/rmsportal/trUJZfSrlnRCcFgfZGjD.ai"
"AlliedModders","1578D3","https://forums.alliedmods.net/index.php"
"AlloCiné","FECC00","http://www.allocine.fr/favicon.ico"
"Alpine Linux","0D597F","https://alpinelinux.org/"
"Altium Designer","A5915F","https://www.altium.com/altium-designer/"
"Amazon","FF9900","https://worldvectorlogo.com/logo/amazon-icon"
"Amazon Alexa","00CAFF","https://developer.amazon.com/docs/alexa-voice-service/logo-and-brand.html"
"Amazon AWS","232F3E","https://upload.wikimedia.org/wikipedia/commons/9/93/Amazon_Web_Services_Logo.svg"
"Amazon Fire TV","FC4C02","https://www.amazon.com/gp/help/customer/display.html?nodeId=201348270"
"Amazon Lumberyard","66459B","https://aws.amazon.com/lumberyard/support"
"Amazon Prime","00A8E1","https://www.amazon.com/b?node=17277626011"
"AMD","ED1C24","https://subscriptions.amd.com/greatpower/img/amd-logo-black.svg"
"American Airlines","0078D2","https://en.wikipedia.org/wiki/File:American_Airlines_logo_2013.svg"
"American Express","2E77BC","https://commons.wikimedia.org/wiki/File:American_Express_logo.svg"
"Anaconda","44A833","https://www.anaconda.com"
"Analogue","1A1A1A","https://www.analogue.co/"
"Anchor","8940FA","https://anchor.fm/"
"Andela","3359DF","https://andela.com/press/"
"Android","3DDC84","https://developer.android.com/distribute/marketing-tools/brand-guidelines"
"Android Auto","4285F4","https://partnermarketinghub.withgoogle.com/#/brands/"
"Android Studio","3DDC84","https://en.wikipedia.org/wiki/Android_Studio"
"AngelList","000000","https://angel.co/logo"
"Angular","DD0031","https://angular.io/assets/images/logos/angular/angular_solidBlack.svg"
"Angular Universal","00ACC1","https://angular.io/presskit"
"AngularJS","E23237","https://angularjs.org/"
"Ansible","EE0000","https://www.ansible.com/logos"
"Ansys","FFB71B","https://www.ansys.com/about-ansys/brand"
"Ant Design","0170FE","https://ant.design/components/icon/"
"Antena 3","FF7328","https://www.antena3.com/"
"Apache","D22128","https://www.apache.org/foundation/press/kit/"
"Apache Airflow","007A88","https://github.com/apache/airflow/tree/master/docs/img/logos"
"Apache Ant","A81C7D","https://apache.org/logos/"
"Apache Cassandra","1287B1","https://upload.wikimedia.org/wikipedia/commons/5/5e/Cassandra_logo.svg"
"Apache CloudStack","2AA5DC","http://cloudstack.apache.org/trademark-guidelines.html"
"Apache Cordova","E8E8E8","https://cordova.apache.org/artwork/"
"Apache Druid","29F1FB","https://apache.org/logos/"
"Apache ECharts","AA344D","https://apache.org/logos/"
"Apache Flink","E6526F","https://apache.org/logos/"
"Apache Groovy","4298B8","https://groovy-lang.org/"
"Apache Kafka","231F20","https://apache.org/logos/"
"Apache Maven","C71A36","https://en.wikipedia.org/wiki/Apache_Maven"
"Apache NetBeans IDE","1B6AC6","https://apache.org/logos/"
"Apache OpenOffice","0E85CD","https://apache.org/logos"
"Apache Pulsar","188FFF","https://apache.org/logos/"
"Apache RocketMQ","D77310","https://apache.org/logos/"
"Apache Solr","D9411E","https://apache.org/logos/"
"Apache Spark","E25A1C","https://spark.apache.org/images/"
"Apache Tomcat","F8DC75","https://apache.org/logos/"
"Apollo GraphQL","311C87","https://github.com/apollographql/space-kit/blob/9a42083746a49c9a734563f427c13233e42adcc9/logos/mark.svg"
"App Store","0D96F6","https://developer.apple.com/app-store/"
"Apple","000000","https://www.apple.com"
"Apple Music","000000","https://www.apple.com/itunes/marketing-on-music/identity-guidelines.html#apple-music-icon"
"Apple Pay","000000","https://developer.apple.com/apple-pay/marketing/"
"Apple Podcasts","9933CC","https://www.apple.com/itunes/marketing-on-podcasts/identity-guidelines.html#apple-podcasts-icon"
"Apple TV","000000","https://commons.wikimedia.org/wiki/File:AppleTV.svg"
"AppSignal","21375A","https://appsignal.com/"
"AppVeyor","00B3E0","https://commons.wikimedia.org/wiki/File:Appveyor_logo.svg"
"ARAL","0063CB","https://upload.wikimedia.org/wikipedia/commons/6/60/Aral_Logo.svg"
"Arch Linux","1793D1","https://www.archlinux.org/art/"
"Archicad","2D50A5","https://graphisoft.com/contact-us/press-relations#/documents/archicad-logo-98604"
"Archive of Our Own","990000","https://archiveofourown.org/"
"Ardour","C61C3E","https://github.com/Ardour/ardour/tree/master/tools/misc_resources/"
"Arduino","00979D","https://cdn.arduino.cc/projecthub/img/Arduino-logo.svg"
"Arlo","33CC99","https://www.arlo.com/"
"ArtStation","13AFF0","https://www.artstation.com/about/logo"
"arXiv","B31B1B","https://static.arxiv.org/static/base/0.15.2/images/arxiv-logo-web.svg"
"Asana","273347","https://asana.com/styles"
"Asciidoctor","E40046","https://github.com/asciidoctor/brand/blob/b9cf5e276616f4770c4f1227e646e7daee0cbf24/logo/logo-fill-bw.svg"
"asciinema","D40000","https://github.com/asciinema/asciinema-logo"
"Aseprite","7D929E","https://www.aseprite.org/"
"ASKfm","DB3552","https://ask.fm/"
"ASUS","000000","https://www.asus.com/"
"AT&T","009FDB","https://www.att.com"
"Atari","E4202E","https://atarivcs.com/"
"Atlassian","0052CC","https://www.atlassian.com/company/news/press-kit"
"Atom","66595C","https://commons.wikimedia.org/wiki/File:Atom_editor_logo.svg"
"Audacity","0000CC","https://github.com/audacity/audacity/blob/c818449c69193f5311b430fbf600d8d6cbe49047/images/audacity.svg"
"Audi","BB0A30","https://www.audi.com/ci/en/intro/basics/rings.html"
"Audible","F8991C","https://commons.wikimedia.org/wiki/File:Audible_logo.svg"
"Audio-Technica","000000","https://wikipedia.org/wiki/File:Audio-technica.svg"
"Audioboom","007CE2","https://audioboom.com/about/brand-guidelines"
"Audiomack","FFA200","https://styleguide.audiomack.com/"
"Aurelia","ED2B88","https://aurelia.io/"
"Auth0","EB5424","https://styleguide.auth0.com"
"Authy","EC1C24","https://authy.com/"
"Autodesk","0696D7","https://www.autodesk.com"
"Automatic","7D8084","https://www.automatic.com/press"
"Autotask","E51937","https://www.autotask.com/branding"
"Aventrix","0099DD","https://www.aventrix.com/press"
"Awesome Lists","FC60A8","https://github.com/sindresorhus/awesome/tree/master/media"
"awesomeWM","535D6C","https://awesomewm.org/"
"AWS Amplify","FF9900","https://docs.amplify.aws/"
"Azure Artifacts","CB2E6D","https://azure.microsoft.com/en-us/services/devops/artifacts/"
"Azure Data Explorer","0078D4","https://azure.microsoft.com/en-us/pricing/details/data-explorer/"
"Azure DevOps","0078D7","http://azure.com/devops"
"Azure Functions","0062AD","https://azure.microsoft.com/en-us/services/functions"
"Azure Pipelines","2560E0","https://github.com/vscode-icons/vscode-icons/pull/1741"
"Babel","F9DC3E","https://github.com/babel/website/blob/93330158b6ecca1ab88d3be8dbf661f5c2da6c76/website/static/img/babel-black.svg"
"Badgr","282C4C","https://info.badgr.com/"
"Badoo","783BF9","https://badoo.com/team/press/"
"Baidu","2932E1","https://www.baidu.com"
"Bamboo","0052CC","https://www.atlassian.design/guidelines/marketing/resources/logo-files"
"Bancontact","005498","https://www.bancontact.com/en/promotion-material/guidelines-logo"
"Bandcamp","408294","https://bandcamp.com/buttons"
"BandLab","DC3710","https://blog.bandlab.com/press/"
"Bandsintown","00CEC8","https://corp.bandsintown.com/media-library"
"Basecamp","1D2D35","https://basecamp.com/about/press"
"Bata","DD282E","https://www.bata.com/"
"Bath ASU","00A3E0","https://bathasu.com/press/"
"Battle.net","00AEFF","https://www.blizzard.com/en-gb/"
"BBC iPlayer","F54997","https://www.bbc.co.uk/iplayer"
"Beatport","A8E00F","https://support.beatport.com/hc/en-us/articles/200353255-Beatport-Logos-and-Images"
"Beats","005571","https://www.elastic.co/brand"
"Beats by Dre","E01F3D","https://www.beatsbydre.com/"
"Behance","1769FF","https://www.behance.net/dev/api/brand"
"Beijing Subway","004A9D","https://commons.wikimedia.org/wiki/File:Beijing_Subway_logo.svg"
"Bentley","333333","https://en.wikipedia.org/wiki/File:Bentley_logo.svg"
"Big Cartel","222222","https://www.bigcartel.com"
"BigCommerce","121118","https://www.bigcommerce.co.uk/press/media-kit/"
"Bilibili","00A1D6","https://www.bilibili.com/"
"Bing","008373","https://commons.wikimedia.org/wiki/File:Bing_logo_(2016).svg"
"Bit","73398D","https://bit.dev"
"Bitbucket","0052CC","https://www.atlassian.com/company/news/press-kit"
"Bitcoin","F7931A","https://bitcoin.org/en"
"Bitdefender","ED1C24","https://www.bitdefender.com/funzone/logos.html"
"Bitly","EE6123","https://bitly.com/pages/press"
"Bitrise","683D87","https://www.bitrise.io/presskit"
"Bitwarden","175DDC","https://github.com/bitwarden/brand/blob/6182cd64321d810c6f6255db08c2a17804d2b724/icons/icon.svg"
"Blackberry","000000","https://www.blackberry.com/"
"Blazemeter","CA2133","https://www.blazemeter.com/"
"Blender","F5792A","https://www.blender.org/about/logo/"
"Blogger","FF5722","https://www.blogger.com"
"Bloglovin","000000","https://www.bloglovin.com/widgets"
"Bluetooth","0082FC","https://www.bluetooth.com/develop-with-bluetooth/marketing-branding/"
"BMC Software","FE5000","https://www.bmc.com/"
"BMW","0066B1","https://www.bmw.de/"
"Boeing","1D439C","https://commons.wikimedia.org/wiki/File:Boeing_full_logo.svg"
"Boost","F7901E","https://www.boostmobile.com/"
"Bootstrap","7952B3","http://getbootstrap.com/about"
"Bosch","EA0016","https://www.bosch.de/"
"Bose","000000","https://developer.bose.com/sites/default/files/Bose%20AR%20Design%20Guidelines%20v1.0.pdf"
"Bower","EF5734","https://bower.io/docs/about/#brand"
"Box","0061D5","https://www.box.com/en-gb/about-us/press"
"Brand.ai","0AA0FF","https://brand.ai/brand-ai/style"
"Brandfolder","40D1F5","https://brandfolder.com/brandfolder"
"Brave","FB542B","https://brave.com/brave-branding-assets/"
"Breaker","003DAD","https://www.breaker.audio/i/brand"
"Broadcom","CC092F","https://en.wikipedia.org/wiki/Broadcom_Inc"
"BT","6400AA","https://www.bt.com/"
"Buddy","1A86FD","https://buddy.works/about"
"Buefy","7957D5","https://github.com/buefy/buefy/blob/a9a724efca0b531e6a64ab734889b00bf4507a9d/static/img/icons/safari-pinned-tab.svg"
"Buffer","231F20","https://buffer.com/press"
"Bugatti","BE0030","https://www.bugatti.com/"
"Bugsnag","4949E4","https://www.bugsnag.com/newsroom"
"Buildkite","14CC80","https://buildkite.com/brand-assets"
"Bulma","00D1B2","https://github.com/jgthms/bulma/"
"bunq","3394D7","https://www.bunq.com/press/"
"Buy Me A Coffee","FFDD00","https://www.buymeacoffee.com/brand"
"BuzzFeed","EE3322","http://www.buzzfeed.com/press/downloads"
"byte","551DEF","https://byte.co/byte"
"C","A8B9CC","https://commons.wikimedia.org/wiki/File:The_C_Programming_Language_logo.svg"
"C Sharp","239120","https://upload.wikimedia.org/wikipedia/commons/0/0d/C_Sharp_wordmark.svg"
"C++","00599C","https://github.com/isocpp/logos"
"Cairo Metro","C10C0C","https://en.wikipedia.org/wiki/File:Cairo_metro_logo2012.svg"
"CakePHP","D33C43","https://cakephp.org/logos"
"Campaign Monitor","111324","https://www.campaignmonitor.com/company/brand/"
"Canonical","77216F","https://design.ubuntu.com/downloads/"
"Canva","00C4CC","https://www.canva.com/"
"Car Throttle","FF9C42","https://www.carthrottle.com/"
"Carto","EB1510","https://carto.com/brand/"
"Cash App","00C244","https://cash.app/press"
"Castbox","F55B23","https://castbox.fm/newsroom/"
"Castorama","0078D7","https://www.castorama.fr/"
"Castro","00B265","http://supertop.co/castro/press/"
"Caterpillar","FFCD11","https://commons.wikimedia.org/wiki/File:Caterpillar_logo.svg"
"CD Projekt","DC0D15","https://www.cdprojekt.com/en/media/logotypes/"
"Celery","37814A","http://www.celeryproject.org/"
"CentOS","262577","https://wiki.centos.org/ArtWork/Brand/Logo"
"Cesium","6CADDF","https://cesium.com/press/"
"CEVO","1EABE2","https://cevo.com/"
"ChartMogul","13324B","https://chartmogul.com/company/"
"Chase","117ACA","https://commons.wikimedia.org/wiki/File:Chase_logo_2007.svg"
"Checkmarx","54B848","https://www.checkmarx.com/resources/datasheets/"
"Chef","F09820","https://www.chef.io/"
"Chevrolet","CD9834","https://www.chevrolet.com/content/dam/chevrolet/na/us/english/index/shopping-tools/download-catalog/02-pdf/2019-chevrolet-corvette-catalog.pdf"
"Chocolatey","80B5E3","https://chocolatey.org/media-kit"
"Chupa Chups","CF103E","https://www.chupachups.co.uk/"
"Cinema 4D","011A6A","https://www.maxon.net/en/about-maxon/branding"
"Circle","8669AE","https://www.circle.com/"
"CircleCI","343434","https://circleci.com/press"
"Cirrus CI","4051B5","https://cirrus-ci.org"
"Cisco","1BA0D7","https://www.cisco.com/"
"Citrix","000000","https://www.citrix.com/news/media-resources.html"
"Citroën","6E6E6E","https://citroen.pcaci.co.uk/logo.php"
"CiviCRM","81C459","https://civicrm.org/trademark"
"Claris","000000","https://www.claris.com/"
"ClickUp","7B68EE","https://clickup.com/brand"
"Cliqz","00AEF0","https://cliqz.com/design"
"Clockify","03A9F4","https://clockify.me/brand-assets"
"Clojure","5881D8","https://commons.wikimedia.org/wiki/File:Clojure_logo.svg"
"Cloud 66","3C72B9","https://www.cloud66.com/"
"CloudBees","1997B5","https://www.cloudbees.com/"
"CloudCannon","407AFC","https://cloudcannon.com/"
"Cloudflare","F38020","https://www.cloudflare.com/logo/"
"Cloudsmith","187EB6","https://cloudsmith.io/branding/"
"Clubhouse","6515DD","https://brand.clubhouse.io/"
"Clyp","3CBDB1","https://clyp.it/"
"CMake","064F8C","https://www.kitware.com/platforms/"
"CNN","CC0000","https://edition.cnn.com/"
"Co-op","00B1E7","http://www.co-operative.coop/corporate/press/logos/"
"CocoaPods","EE3322","https://github.com/CocoaPods/shared_resources"
"Cocos","55C2E1","https://www.cocos.com/en/"
"Coda","F46A54","https://coda.io/"
"Codacy","222F29","https://www.codacy.com/blog/"
"Code Climate","000000","https://codeclimate.com/"
"Codecademy","1F4056","https://www.codecademy.com/"
"CodeChef","5B4638","https://www.codechef.com/"
"Codecov","F01F7A","https://codecov.io/"
"CodeFactor","F44A6A","https://www.codefactor.io/"
"Codeforces","1F8ACB","http://codeforces.com/"
"CodeIgniter","EF4223","https://www.codeigniter.com/help/legal"
"CodePen","000000","https://blog.codepen.io/documentation/brand-assets/logos/"
"CodersRank","67A4AC","https://codersrank.io"
"Coderwall","3E8DCC","https://github.com/twolfson/coderwall-svg"
"CodeSandbox","000000","https://codesandbox.io"
"Codeship","004466","https://app.codeship.com/"
"Codewars","B1361E","https://github.com/codewars/branding"
"Codio","4574E0","https://codio.com"
"CoffeeScript","2F2625","https://coffeescript.org/"
"Coinbase","0667D0","https://www.coinbase.com/press"
"Common Workflow Language","B5314C","https://github.com/common-workflow-language/logo/blob/54b1624bc88df6730fa7b6c928a05fc9c939e47e/CWL-Logo-nofonts.svg"
"Composer","885630","https://getcomposer.org/"
"ComproPago","00AAEF","https://compropago.com"
"Concourse","3398DC","https://concourse-ci.org/"
"Conda-Forge","000000","https://github.com/conda-forge/conda-forge.github.io/"
"Conekta","414959","https://www.conekta.io"
"Confluence","172B4D","https://www.atlassian.com/company/news/press-kit"
"Consul","CA2171","https://www.hashicorp.com/brand"
"Contactless Payment","000000","https://en.wikipedia.org/wiki/Contactless_payment"
"Convertio","FF3333","https://convertio.co/"
"Corona Engine","F96F29","https://coronalabs.com/"
"Corona Renderer","E6502A","https://corona-renderer.com/about"
"Couchbase","EA2328","https://www.couchbase.com/"
"Counter-Strike","000000","https://en.wikipedia.org/wiki/File:CS-GO_Logo.svg"
"Coursera","0056D2","https://about.coursera.org/press"
"Coveralls","3F5767","https://coveralls.io/"
"cPanel","FF6C2C","https://cpanel.net/company/cpanel-brand-guide/"
"Craft CMS","E5422B","https://craftcms.com/brand-resources"
"Creative Commons","EF9421","https://creativecommons.org/"
"Crehana","4B22F4","https://www.crehana.com/"
"Crowdin","2E3340","https://support.crowdin.com/using-logo/"
"Crunchbase","0288D1","https://www.crunchbase.com/home"
"Crunchyroll","F47521","https://www.crunchyroll.com"
"CRYENGINE","000000","https://www.cryengine.com/brand"
"CSS Wizardry","F43059","http://csswizardry.com"
"CSS3","1572B6","http://www.w3.org/html/logo/"
"curl","073551","https://curl.haxx.se/logo/"
"CurseForge","6441A4","https://www.curseforge.com/"
"Cypress","17202C","https://cypress.io"
"D3.js","F9A03C","https://github.com/d3/d3-logo"
"Dacia","122AFF","https://www.dacia.ro/"
"DAF","00529B","https://www.daf.com/en"
"Dailymotion","0066DC","http://press.dailymotion.com/?page_id=346"
"Daimler","E6E6E6","https://designnavigator.daimler.com/Daimler_Corporate_Logotype_Black_DTP"
"Dark Reader","141E24","https://github.com/simple-icons/simple-icons/pull/3348"
"Dart","0175C2","https://github.com/dart-lang/site-shared/tree/master/src/_assets/image/dart/logo"
"Das Erste","001A4B","https://en.wikipedia.org/wiki/Das_Erste"
"Dash","008DE4","https://www.dash.org/brand-assets/"
"Dashlane","0E353D","https://brandfolder.com/dashlane/brandkitpartners"
"Dassault Systèmes","005386","https://www.3ds.com/statics/menu/2/assets/img/logo/3ds-dark.svg"
"DataCamp","03EF62","https://www.datacamp.com/"
"Datadog","632CA6","https://www.datadoghq.com/about/resources"
"DAZN","F8F8F5","https://media.dazn.com/en/assets/"
"dblp","004F9F","https://dblp.org/"
"DC Entertainment","0078F0","https://www.readdc.com/"
"Debian","A81D33","https://www.debian.org/logos"
"deepin","007CFF","https://commons.wikimedia.org/wiki/File:Deepin_logo.svg"
"Deezer","FEAA2D","https://deezerbrand.com/"
"Delicious","3399FF","https://en.wikipedia.org/wiki/Delicious_(website)"
"Deliveroo","00CCBC","https://www.deliveroo.design/"
"Dell","007DB8","https://datasecurity.dell.com/wp-content/themes/dell/images/logo-dell.svg"
"Delphi","EE1F35","https://www.embarcadero.com/news/logo"
"Deno","000000","https://github.com/denoland/deno/tree/1cc02a5d9d867f1a239ee4b69f587d8afac07b02/website/images"
"Dependabot","025E8C","https://dependabot.com/dependabot-logo-symbol-square-mono.svg"
"Der Spiegel","E64415","https://www.spiegel.de/"
"Designer News","2D72D9","https://www.designernews.co"
"dev.to","0A0A0A","https://dev.to/"
"DeviantArt","05CC47","http://help.deviantart.com/21"
"devRant","F99A66","https://devrant.com"
"DHL","FFCC00","https://www.dpdhl-brands.com/dhl/en/guides/design-basics/logo-and-claim.html"
"diagrams.net","F08705","https://github.com/jgraph/drawio/blob/4743eba8d5eaa497dc003df7bf7295b695c59bea/src/main/webapp/images/drawlogo.svg"
"Dialogflow","FF9800","https://en.wikipedia.org/wiki/File:Dialogflow_logo.svg"
"Diaspora","000000","https://wiki.diasporafoundation.org/Branding"
"Digg","000000","https://en.wikipedia.org/wiki/Digg"
"DigitalOcean","0080FF","https://www.digitalocean.com/company/logos-and-badges/"
"Dior","000000","https://commons.wikimedia.org/wiki/File:Dior_Logo.svg"
"Directus","263238","https://directus.io/resources.html"
"Discogs","333333","https://www.discogs.com/brand"
"Discord","7289DA","https://discordapp.com/branding"
"Discourse","000000","https://www.discourse.org/"
"Discover","FF6000","https://www.discovernetwork.com/en-us/business-resources/free-signage-logos"
"Disqus","2E9FFF","https://disqus.com/brand"
"Disroot","50162D","https://git.fosscommunity.in/disroot/assests/blob/master/d.svg"
"Django","092E20","https://www.djangoproject.com/community/logos/"
"DLNA","48A842","https://upload.wikimedia.org/wikipedia/de/e/eb/Digital_Living_Network_Alliance_logo.svg"
"Docker","2496ED","https://www.docker.com/company/newsroom/media-resources"
"DocuSign","FFCC22","https://github.com/simple-icons/simple-icons/issues/1098"
"Dolby","000000","https://www.dolby.com/us/en/about/brand-identity.html"
"DoorDash","FF3008","https://www.doordash.com/about/"
"Douban","007722","https://zh.wikipedia.org/wiki/Douban"
"Draugiem.lv","FF6600","https://www.frype.com/applications/dev/docs/logos/"
"Dribbble","EA4C89","https://dribbble.com/branding"
"Drone","212121","https://github.com/drone/brand"
"Drooble","19C4BE","https://blog.drooble.com/press/"
"Dropbox","0061FF","https://www.dropbox.com/branding"
"Drupal","0678BE","https://www.drupal.org/about/media-kit/logos"
"DS Automobiles","1D1717","https://en.wikipedia.org/wiki/File:DS_Automobiles_logo.svg"
"DTube","F01A30","https://about.d.tube/mediakit.html"
"DuckDuckGo","DE5833","https://duckduckgo.com/"
"Dunked","2DA9D7","https://dunked.com/"
"Duolingo","58CC02","https://www.duolingo.com/"
"Dynamics 365","002050","http://thepartnerchannel.com/wp-content/uploads/Dynamics365_styleguide_092816.pdf"
"Dynatrace","1496FF","https://www.dynatrace.com/company/press-kit/"
"EA","000000","https://www.ea.com"
"easyJet","FF6600","https://www.easyjet.com"
"eBay","E53238","https://go.developer.ebay.com/logos"
"Eclipse IDE","2C2255","https://www.eclipse.org/artwork/"
"Eclipse Mosquitto","3C5280","https://github.com/eclipse/mosquitto/blob/75fc908bba90d4bd06e85efc1c4ed77952ec842c/logo/mosquitto-logo-only.svg"
"Egnyte","00968F","https://www.egnyte.com/presskit.html"
"El Jueves","BE312E","https://www.eljueves.es"
"Elastic","005571","https://www.elastic.co/brand"
"Elastic Cloud","005571","https://www.elastic.co/brand"
"Elastic Stack","005571","https://www.elastic.co/brand"
"Elasticsearch","005571","https://www.elastic.co/brand"
"Electron","47848F","https://electronjs.org/images/electron-logo.svg"
"Element","0DBD8B","https://element.io/"
"elementary","64BAFF","https://elementary.io/brand"
"Eleventy","000000","https://www.11ty.io"
"Elixir","4B275F","https://github.com/elixir-lang/elixir-lang.github.com/tree/master/images/logo"
"Ello","000000","https://ello.co"
"Elm","1293D8","https://github.com/elm/foundation.elm-lang.org/blob/2d097b317d8af2aaeab49284830260a32d817305/assets/elm_logo.svg"
"Elsevier","FF6C00","https://www.elsevier.com"
"Embarcadero","ED1F35","https://www.embarcadero.com/news/logo"
"Ember.js","E04E39","https://emberjs.com/logos/"
"Emby","52B54B","https://emby.media/"
"Emlakjet","0AE524","https://www.emlakjet.com/kurumsal-materyaller/"
"Empire Kred","72BE50","http://www.empire.kred"
"Envato","81B441","https://envato.com/"
"EPEL","FC0000","https://fedoraproject.org/wiki/EPEL"
"Epic Games","313131","https://www.epicgames.com/"
"Epson","003399","https://global.epson.com/IR/library/"
"Erlang","A90533","https://github.com/erlang/erlide_eclipse/blob/99d1d61fde8e32ef1630ca0e1b05a6822b3d6489/meta/media/erlang-logo.svg"
"ESEA","0E9648","https://play.esea.net/"
"ESLGaming","FFFF09","https://brand.eslgaming.com/"
"ESLint","4B32C3","https://eslint.org/img/logo.svg"
"ESPHome","000000","https://esphome.io"
"Ethereum","3C3C3D","https://www.ethereum.org/images/logos/Ethereum_Visual_Identity_1.0.0.pdf"
"Etsy","F16521","https://www.etsy.com/uk/press"
"Event Store","5AB552","https://github.com/eventstore/brand"
"Eventbrite","F05537","https://www.eventbrite.com/signin/"
"Evernote","00A82D","https://evernote.com/press"
"Everplaces","FA4B32","https://everplaces.com"
"EVRY","063A54","https://www.evry.com/en/"
"Exercism","009CAB","https://github.com/exercism/website-icons/blob/master/exercism/logo-icon.svg"
"Experts Exchange","00AAE7","https://www.experts-exchange.com/"
"Expo","000020","http://expo.io/brand/"
"EyeEm","000000","https://www.eyeem.com/"
"F-Droid","1976D2","https://f-droid.org/"
"F-Secure","00BAFF","https://vip.f-secure.com/en/marketing/logos"
"Facebook","1877F2","https://en.facebookbrand.com/"
"Facebook Gaming","005FED","https://www.facebook.com/fbgaminghome/"
"Facebook Live","ED4242","https://en.facebookbrand.com/"
"FACEIT","FF5500","https://corporate.faceit.com/branding/"
"Fandango","FF7300","https://www.fandango.com"
"Fandom","00D6D6","https://fandomdesignsystem.com/identity/assets"
"Farfetch","000000","https://www.farfetch.com/"
"FastAPI","009688","https://github.com/tiangolo/fastapi/blob/6205935323ded4767438ee81623892621b353415/docs/en/docs/img/icon-white.svg"
"Fastify","000000","https://github.com/fastify/graphics/blob/91e8a3d4754807de3b69440f66c72a737a5fde94/fastify-1000px-square-02.svg"
"Fastlane","00F200","https://github.com/fastlane/fastlane.tools/blob/19ff41a6c0f27510a7a7879e6944809d40ab382e/assets/img/logo-mobile.svg"
"Fastly","FF282D","https://assets.fastly.com/style-guide/docs/"
"Fathom","9187FF","https://usefathom.com/brand"
"Favro","512DA8","https://favro.com/login"
"FeatHub","9B9B9B","http://feathub.com/"
"Fedora","294172","https://fedoraproject.org/wiki/Logo/UsageGuidelines"
"FedRAMP","112E51","https://www.fedramp.gov/assets/resources/documents/FedRAMP_Branding_Guidance.pdf"
"Feedly","2BB24C","https://blog.feedly.com/wp-content/themes/feedly-2017-v1.19.3/assets/images/logos/logo.svg"
"Ferrari","D40000","https://www.ferrari.com/"
"Ferrari N.V.","EB2E2C","https://corporate.ferrari.com/"
"Fiat","AD0C33","https://en.wikipedia.org/wiki/File:Fiat_Logo.svg"
"Fido Alliance","FFBF3B","https://fidoalliance.org/overview/legal/logo-usage/"
"FIFA","326295","https://en.wikipedia.org/wiki/FIFA"
"Figma","F24E1E","https://brand.figma.com/icon.html"
"figshare","556472","https://en.wikipedia.org/wiki/Figshare"
"Fila","03234C","https://en.wikipedia.org/wiki/Fila_(company)"
"FileZilla","BF0000","https://upload.wikimedia.org/wikipedia/commons/0/01/FileZilla_logo.svg"
"Fing","009AEE","https://www.fing.com/"
"Firebase","FFCA28","https://firebase.google.com/brand-guidelines/"
"Firefox","FF7139","https://mozilla.design/firefox/logos-usage/"
"Firefox Browser","FF7139","https://mozilla.design/firefox/logos-usage/"
"FIRST","0066B3","https://www.firstinspires.org/brand"
"Fitbit","00B0B9","http://www.fitbit.com/uk/home"
"FITE","CA0404","https://www.fite.tv/"
"Fiverr","1DBF73","https://www.fiverr.com/press-kit"
"Flask","000000","http://flask.pocoo.org/community/logos/"
"Flathub","4A86CF","https://flathub.org/"
"Flattr","000000","https://flattr.com/"
"Flickr","0063DC","https://worldvectorlogo.com/logo/flickr-1"
"Flipboard","E12828","https://about.flipboard.com/brand-guidelines"
"Floatplane","00AEEF","https://www.floatplane.com/"
"Flood","4285F4","https://flood.io/"
"Fluentd","0E83C8","https://docs.fluentd.org/quickstart/logo"
"Flutter","02569B","https://flutter.dev/brand"
"Fnac","E1A925","http://www.fnac.com/"
"Font Awesome","339AF0","https://fontawesome.com/icons/font-awesome"
"foodpanda","D70F64","https://www.foodpanda.com"
"Ford","003478","https://www.ford.com/"
"Formstack","21B573","https://www.formstack.com/brand/guidelines"
"Fortinet","EE3124","http://www.fortinet.com/"
"Fossa","90A1B8","https://fossa.com/press/"
"Fossil SCM","548294","https://fossil-scm.org/"
"Foursquare","F94877","https://foursquare.com/about/logos"
"Fozzy","F15B29","https://fozzy.com/partners.shtml?tab=materials"
"Framer","0055FF","https://framer.com"
"FreeBSD","AB2B28","https://www.freebsdfoundation.org/about/project/"
"freeCodeCamp","0A0A23","https://design-style-guide.freecodecamp.org/"
"freedesktop.org","3B80AE","https://commons.wikimedia.org/wiki/File:Freedesktop-logo.svg"
"Freelancer","29B2FE","https://www.freelancer.com/"
"Fujifilm","ED1A3A","https://upload.wikimedia.org/wikipedia/commons/a/a1/Fujifilm_logo.svg"
"Fujitsu","FF0000","https://www.fujitsu.com/global/about/brandmanagement/logo/"
"Fur Affinity","36566F","https://www.furaffinity.net/"
"Furry Network","2E75B4","https://furrynetwork.com"
"G2A","F05F00","https://www.g2a.co/contact/brand_guidelines/"
"Garmin","000000","https://creative.garmin.com/styleguide/brand/"
"Gatling","FF9E2A","https://gatling.io/"
"Gatsby","663399","https://www.gatsbyjs.org/"
"Gauges","2FA66A","http://get.gaug.es/"
"GeeksforGeeks","0F9D58","https://www.geeksforgeeks.org/"
"General Motors","22559E","https://commons.wikimedia.org/wiki/File:General_Motors_logo.svg"
"Genius","FFFF64","https://genius.com"
"Gentoo","54487A","https://wiki.gentoo.org/wiki/Project:Artwork/Artwork#Variations_of_the_.22g.22_logo"
"Geocaching","00874D","https://www.geocaching.com/about/logousage.aspx"
"Gerrit","EEEEEE","https://gerrit-review.googlesource.com/c/75842/"
"Ghost","738A94","https://ghost.org/design"
"Ghostery","00BAF2","https://www.ghostery.com/"
"GIMP","5C5543","https://www.gimp.org/about/linking.html#wilber-the-gimp-mascot"
"GIPHY","FF6666","https://support.giphy.com/hc/en-us/articles/360022283772-GIPHY-Brand-Guidelines"
"Git","F05032","http://git-scm.com/downloads/logos"
"GitBook","3884FF","http://styleguide.gitbook.com/icons"
"Gitea","609926","https://github.com/go-gitea/gitea/blob/e0c753e770a64cda5e3900aa1da3d7e1f3263c9a/assets/logo.svg"
"GitHub","181717","https://github.com/logos"
"GitHub Actions","2088FF","https://github.com/features/actions"
"GitHub Sponsors","EA4AAA","https://github.com/sponsors"
"GitKraken","179287","https://www.gitkraken.com/"
"GitLab","FCA121","https://about.gitlab.com/press/press-kit/"
"Gitpod","1AA6E4","https://www.gitpod.io/"
"Gitter","ED1965","https://gitter.im/"
"Glassdoor","0CAA41","https://www.glassdoor.com/press/images/"
"Glitch","3333FF","https://glitch.com/about/press/"
"Gmail","D14836","https://material.io/guidelines/resources/sticker-sheets-icons.html#sticker-sheets-icons-components"
"GNOME","4A86CF","https://wiki.gnome.org/Engagement/BrandGuidelines"
"GNU","A42E2B","https://gnu.org"
"GNU Bash","4EAA25","https://github.com/odb/official-bash-logo"
"GNU Emacs","7F5AB6","https://git.savannah.gnu.org/cgit/emacs.git/tree/etc/images/icons/hicolor/scalable/apps/emacs.svg"
"GNU IceCat","002F5B","https://git.savannah.gnu.org/cgit/gnuzilla.git/plain/artwork/simple.svg"
"GNU Privacy Guard","0093DD","https://git.gnupg.org/cgi-bin/gitweb.cgi?p=gnupg.git;a=tree;f=artwork/icons"
"GNU social","A22430","https://www.gnu.org/graphics/social.html"
"Go","00ADD8","https://blog.golang.org/go-brand"
"Godot Engine","478CBF","https://godotengine.org/themes/godotengine/assets/download/godot_logo.svg"
"GoFundMe","00B964","https://www.gofundme.com/"
"GOG.com","86328A","https://www.cdprojekt.com/en/media/logotypes/"
"GoldenLine","FFE005","http://www.goldenline.pl"
"Goodreads","372213","https://www.goodreads.com/about/press"
"Google","4285F4","https://developers.google.com/+/branding-guidelines?hl=en"
"Google Ads","4285F4","https://designguidelines.withgoogle.com/ads-branding/google-ads/logos.html#logos-brand-logo-lockups"
"Google AdSense","4285F4","https://commons.wikimedia.org/wiki/File:AdSense_Logo.svg"
"Google Analytics","E37400","https://analytics.google.com"
"Google Assistant","4285F4","https://assistant.google.com/"
"Google Calendar","4285F4","https://commons.wikimedia.org/wiki/File:Google_Calendar_icon.svg"
"Google Cardboard","FF7143","https://arvr.google.com/cardboard/"
"Google Cast","1BB6F6","https://partnermarketinghub.withgoogle.com/#/brands"
"Google Chat","00897B","https://chat.google.com/error/noaccess"
"Google Chrome","4285F4","https://blog.google/press/?product_tag=chrome"
"Google Classroom","4285F4","https://classroom.google.com/"
"Google Cloud","4285F4","https://cloud.google.com/"
"Google Drive","4285F4","https://developers.google.com/drive/web/branding"
"Google Earth","4285F4","https://earth.google.com/web/"
"Google Fit","4285F4","https://partnermarketinghub.withgoogle.com/#/brands/"
"Google Hangouts","0C9D58","https://material.google.com/resources/sticker-sheets-icons.html#sticker-sheets-icons-components"
"Google Keep","FFBB00","https://play.google.com/store/apps/details?id=com.google.android.keep"
"Google Lens","4285F4","https://partnermarketinghub.withgoogle.com/#/brands/"
"Google Maps","4285F4","https://upload.wikimedia.org/wikipedia/commons/a/a9/Google_Maps_icon.svg"
"Google Meet","00897B","https://meet.google.com/"
"Google Messages","1A73E8","https://messages.google.com/"
"Google My Business","4285F4","https://business.google.com/"
"Google Nearby","4285F4","https://developers.google.com/nearby/developer-guidelines"
"Google News","174EA6","https://partnermarketinghub.withgoogle.com/#/brands/"
"Google Pay","4285F4","https://partnermarketinghub.withgoogle.com/#/brands/"
"Google Play","414141","https://partnermarketinghub.withgoogle.com/#/brands/"
"Google Podcasts","4285F4","https://developers.google.com/search/docs/data-types/podcast"
"Google Scholar","4285F4","https://commons.wikimedia.org/wiki/File:Google_Scholar_logo.svg"
"Google Search Console","458CF5","https://search.google.com/search-console"
"Google Sheets","0F9D58","http://sheets.google.com/"
"Google Street View","FEC111","https://developers.google.com/streetview/ready/branding"
"Google Tag Manager","246FDB","https://tagmanager.google.com/#/home"
"Google Translate","4285F4","https://en.wikipedia.org/wiki/Google_Translate"
"GOV.UK","005EA5","https://github.com/alphagov/design-assets/tree/master/Icons"
"Gradle","02303A","https://gradle.com/brand"
"Grafana","F46800","https://grafana.com/"
"Graphcool","27AE60","https://www.graph.cool"
"GraphQL","E10098","http://graphql.org/"
"Grav","221E1F","http://getgrav.org/media"
"Gravatar","1E8CBE","https://automattic.com/press"
"GreenSock","88CE02","https://greensock.com/"
"Gridsome","00A672","https://gridsome.org/logos/only-logo.svg"
"Groupon","53A318","https://brandplaybook.groupon.com/guidelines/logo/"
"Grunt","FBA919","https://github.com/gruntjs/gruntjs.com/tree/master/src/media"
"Guangzhou Metro","C51935","https://commons.wikimedia.org/wiki/File:Guangzhou_Metro_logo.svg"
"gulp","CF4647","https://gulpjs.com/"
"Gumroad","36A9AE","https://gumroad.com/press"
"Gumtree","72EF36","https://www.gumtree.com"
"Gutenberg","000000","https://github.com/WordPress/gutenberg/blob/master/docs/final-g-wapuu-black.svg"
"Habr","77A2B6","https://habr.com/"
"Hack Club","EC3750","https://hackclub.com/brand"
"Hack The Box","9FEF00","https://www.hackthebox.eu/docs/Hack_The_Box_Brand_Assets_Guide.pdf"
"Hackaday","1A1A1A","https://hackaday.com/"
"HackerEarth","2C3454","https://www.hackerearth.com/logo/"
"HackerOne","494649","https://www.hackerone.com/branding"
"HackerRank","2EC866","https://www.hackerrank.com/"
"HackHands","00ACBD","https://hackhands.com/"
"Hackster","1BACF7","https://drive.google.com/file/d/0B3aqzR8LzoqdT1p4ZUlWVnJ1elk/view?usp=sharing"
"HappyCow","7C4EC4","https://www.happycow.net/press-kits"
"Harbor","4A00D8","https://github.com/goharbor/harbor/blob/13686cbe83d22259216da7658612e86201070e94/src/portal/src/images/harbor-logo.svg"
"Hashnode","2962FF","https://hashnode.com/media"
"Haskell","5D4F85","https://commons.wikimedia.org/wiki/File:Haskell-Logo.svg"
"Hatena Bookmark","00A4DE","http://hatenacorp.jp/press/resource"
"haveibeenpwned","2A6379","https://haveibeenpwned.com/"
"Haxe","EA8220","https://haxe.org/foundation/branding.html"
"HBO","000000","https://www.hbo.com/"
"HCL","006BB6","https://www.hcl.com/brand-guidelines"
"HelloFresh","99CC33","https://www.hellofresh.com/landing/student"
"Helly Hansen","DA2128","https://www.hellyhansen.com/"
"Helm","0F1689","https://helm.sh"
"HERE","00AFAA","https://www.here.com"
"Heroku","430098","https://www.heroku.com"
"Hexo","0E83CD","https://hexo.io/"
"HEY","5522FA","https://hey.com/"
"Highly","FF3C00","https://highly.co/"
"Hilton","124D97","https://www.hilton.com/en/"
"HipChat","0052CC","https://www.atlassian.com/company/news/press-kit"
"Hitachi","E60027","https://commons.wikimedia.org/wiki/File:Hitachi_inspire_the_next-Logo.svg"
"Hive","FF7A00","https://www.hivehome.com/"
"HockeyApp","009EE1","https://hockeyapp.net/brand-guidelines/"
"Home Assistant","41BDF5","https://github.com/home-assistant/home-assistant-assets"
"HomeAdvisor","F68315","https://www.abouthomeadvisor.com/media-room/press-resources/"
"Homebrew","FBB040","https://github.com/Homebrew/brew.sh/blob/2e576aaca83e62dda41a188597bb4bd20e75e385/assets/img/homebrew.svg"
"homify","7DCDA3","https://www.homify.com"
"Honda","E40521","https://www.honda.ie/"
"Hootsuite","000000","https://hootsuite.com/en-gb/about/media-kit"
"Hoppscotch","31C48D","https://github.com/hoppscotch/hoppscotch/blob/77862cdf9bd902a4ea64bd8b2301ed2206820649/static/images/ufo_logo.svg"
"Hotels.com","D32F2F","https://en.wikipedia.org/wiki/File:Hotels.com_logo.svg"
"Houdini","FF4713","https://www.sidefx.com/products/houdini/"
"Houzz","4DBC15","https://www.houzz.com/logoGuidelines"
"HP","0096D6","https://brandcentral.ext.hp.com/login"
"HTML Academy","302683","https://htmlacademy.ru/"
"HTML5","E34F26","http://www.w3.org/html/logo/"
"Huawei","FF0000","https://en.wikipedia.org/wiki/File:Huawei.svg"
"HubSpot","FF7A59","https://www.hubspot.com/style-guide"
"Hugo","FF4088","https://gohugo.io/"
"Hulu","3DBB3D","https://www.hulu.com/press/brand-assets/"
"Humble Bundle","CC2929","https://support.humblebundle.com/hc/en-us/articles/202742060-Bundle-Logos"
"Hurriyetemlak","E02826","https://ilan.hurriyetemlak.com/emlak-ilani-yayinlama-kurallari"
"Husqvarna","273A60","https://www.husqvarna.com/uk/catalogues/"
"Hypothesis","BD1C2B","https://web.hypothes.is/"
"Hyundai","002C5F","https://en.wikipedia.org/wiki/File:Hyundai_Motor_Company_logo.svg"
"Iata","004E81","https://upload.wikimedia.org/wikipedia/commons/f/f7/IATAlogo.svg"
"iBeacon","3D7EBB","https://developer.apple.com/ibeacon/"
"IBM","054ADA","https://www.ibm.com/design/language/elements/logos/8-bar/"
"iCloud","3693F3","https://commons.wikimedia.org/wiki/File:ICloud_logo.svg"
"IcoMoon","825794","https://icomoon.io/"
"ICON","31B8BB","https://icon.foundation/"
"Iconfinder","1A1B1F","https://www.iconfinder.com/p/about"
"Iconify","1769AA","https://iconify.design/"
"IconJar","16A5F3","https://geticonjar.com/press-kit/"
"ICQ","24FF00","https://commons.wikimedia.org/wiki/File:ICQNewlogo.svg"
"iDEAL","CC0066","https://www.ideal.nl/cms/files/Manual_iDEAL_logo.pdf"
"iFixit","0071CE","https://www.ifixit.com/"
"iFood","EA1D2C","https://ifood.com.br/"
"IFTTT","000000","https://ifttt.com/discover/brand-guidelines"
"iHeartRadio","C6002B","https://brand.iheart.com/logo"
"IMDb","E6B91E","http://www.imdb.com/pressroom/brand_guidelines"
"Imgur","1BB76E","https://s.imgur.com/images/favicon-152.png"
"Indeed","2164F3","https://www.indeed.com"
"Infiniti","000000","https://www.infinitiusa.com"
"InfluxDB","22ADF6","https://www.influxdata.com/"
"Informatica","FF4D00","https://www.informatica.com/content/dam/informatica-com/en/images/cc02v2/logo-informatica.svg"
"Inkscape","000000","https://commons.wikimedia.org/wiki/File:Inkscape_Logo.svg"
"Insomnia","5849BE","https://insomnia.rest/"
"Instacart","43B02A","https://www.instacart.com/press"
"Instagram","E4405F","https://www.instagram-brand.com"
"Instapaper","1F1F1F","https://www.instapaper.com/"
"Instructables","FABF15","https://www.instructables.com/community/Official-Instructables-Logos-1/"
"Integromat","2F8CBB","https://www.integromat.com"
"Intel","0071C5","https://www.intel.com"
"IntelliJ IDEA","000000","https://www.jetbrains.com/idea/"
"Intercom","6AFDEF","https://www.intercom.com/press"
"Internet Archive","000000","https://openlibrary.org/static/images/ia-logo.svg"
"Internet Explorer","0076D6","https://compass-ssl.microsoft.com/assets/c8/67/c867db4c-f328-45b8-817c-33834c70aae6.svg?n=IE.svg"
"InVision","FF3366","https://projects.invisionapp.com/boards/BX4P1DY5H46R"
"Invoice Ninja","000000","https://github.com/invoiceninja/invoiceninja"
"ioBroker","3399CC","https://github.com/ioBroker/awesome-iobroker/blob/master/images/"
"Ionic","3880FF","https://ionicframework.com/press"
"iOS","000000","https://en.wikipedia.org/wiki/IOS"
"IPFS","65C2CB","https://github.com/ipfs/logo"
"Issuu","F36D5D","https://issuu.com/press"
"Itch.io","FA5C5C","https://itch.io/press-kit"
"iTunes","FB5BC5","https://upload.wikimedia.org/wikipedia/commons/d/df/ITunes_logo.svg"
"IVECO","004994","https://www.iveco.com/germany/Pages/Home-page.aspx"
"Jabber","CC0000","https://commons.wikimedia.org/wiki/File:Jabber-bulb.svg"
"Jaguar","FFFFFF","https://media.jaguar.com/en/press-kit"
"Jamboard","F37C20","https://cdn2.hubspot.net/hubfs/159104/ECS/Jamboard/Approved%20Jamboard%20Brand%20Book.pdf"
"Jameson","004027","https://www.jamesonwhiskey.com/"
"Jasmine","8A4182","https://github.com/jasmine/jasmine/blob/8991b1bba39b5b7e89fc5eeb07ae271a684cb1a4/images/jasmine-horizontal.svg"
"Java","007396","https://www.oracle.com/legal/logos.html"
"JavaScript","F7DF1E","https://github.com/voodootikigod/logo.js"
"JBL","FF3300","https://www.jbl.com/"
"JCB","0B4EA2","https://www.global.jcb/en/about-us/brand-concept/"
"Jeep","000000","http://www.fcaci.com/v15-images/jeep/Jeep-Brand-Mark-Guidelines-Rev10.15.pdf"
"Jekyll","CC0000","https://github.com/jekyll/brand"
"Jenkins","D24939","https://wiki.jenkins-ci.org/display/JENKINS/Logo"
"Jenkins X","73C3D5","https://github.com/cdfoundation/artwork"
"Jest","C21325","https://jestjs.io/"
"JET","FBBA00","https://de.wikipedia.org/wiki/Datei:JET.svg"
"JetBrains","000000","https://www.jetbrains.com/company/brand/"
"JFrog","41BF47","https://jfrog.com/brand-guidelines/"
"JFrog Bintray","43A047","https://bintray.com/"
"Jinja","B41717","https://github.com/pallets/jinja/blob/1c240154865a7b6034033027e3c2ca8a2fa53fc2/artwork/jinjalogo.svg"
"Jira","0052CC","https://atlassian.design/guidelines/marketing/resources/logo-files"
"Jira Software","0052CC","https://www.atlassian.com/company/news/press-kit"
"John Deere","367C2B","https://en.wikipedia.org/wiki/File:John_Deere_logo.svg"
"Joomla","5091CD","https://docs.joomla.org/Joomla:Brand_Identity_Elements"
"JPEG","8A8A8A","https://jpeg.org/contact.html"
"jQuery","0769AD","https://brand.jquery.org/logos/"
"JR Group","000000","https://www.jrhokkaido.co.jp/"
"jsDelivr","E84D3D","https://github.com/jsdelivr/www.jsdelivr.com/blob/eff02f3a8879cf7c7296840584e1293fe04e3a76/src/public/img/logo_horizontal.svg"
"JSFiddle","0084FF","https://jsfiddle.net/"
"JSON","000000","https://commons.wikimedia.org/wiki/File:JSON_vector_logo.svg"
"JSON Web Tokens","000000","https://jwt.io/"
"Julia","9558B2","https://github.com/JuliaLang/julia-logo-graphics/blob/b5551ca7946b4a25746c045c15fbb8806610f8d0/images/julia-dots.svg"
"Jupyter","F37626","https://github.com/jupyter/design"
"Just Eat","F36D00","https://www.just-eat.ie/"
"JustGiving","AD29B6","https://justgiving.com"
"Kaggle","20BEFF","https://www.kaggle.com/contact"
"Kahoot","46178F","https://kahoot.com/library/kahoot-logo/"
"KaiOS","6F02B5","https://www.kaiostech.com/company/press-room"
"Kakao","FFCD00","https://www.kakaocorp.com/kakao/introduce/ci"
"Karlsruher Verkehrsverbund","9B2321","https://commons.wikimedia.org/wiki/File:KVV_2010.svg"
"Kaspersky","006D5C","https://www.kaspersky.com"
"Katacoda","F48220","https://katacoda.com/press-kit"
"Katana","000000","https://www.foundry.com/products/katana"
"KDE","1D99F3","https://kde.org/stuff/clipart.php"
"KeePassXC","6CAC4D","https://github.com/keepassxreboot/keepassxc/"
"Kentico","F05A22","https://www.kentico.com"
"Keras","D00000","https://keras.io/"
"Keybase","33A0FF","https://github.com/keybase/client/tree/a144e0ce38ee9e495cc5acbcd4ef859f5534d820/media/logos"
"KeyCDN","047AED","https://www.keycdn.com/logos"
"Khan Academy","14BF96","https://khanacademy.zendesk.com/hc/en-us/articles/202483630-Press-room"
"Khronos Group","CC3333","https://www.khronos.org/legal/trademarks/"
"Kia","BB162B","https://www.kia.com/ie/brochure/"
"Kibana","005571","https://www.elastic.co/brand"
"Kickstarter","05CE78","https://www.kickstarter.com/help/brand_assets"
"Kik","82BC23","http://www.kik.com/press"
"Kirby","000000","https://getkirby.com/press"
"KLM","00A1DE","https://www.klm.com"
"Klout","E44600","https://klout.com/s/developers/styleguide"
"Known","333333","https://withknown.com/img/logo_k.png"
"Ko-fi","F16061","https://ko-fi.com/home/about"
"Kodi","17B2E7","https://kodi.tv/"
"Koding","00B057","https://koding.com/About"
"Kofax","00558C","https://www.kofax.com/styleguide/logos"
"Komoot","6AA127","http://newsroom.komoot.com/media_kits/219423/"
"Kotlin","0095D5","https://resources.jetbrains.com/storage/products/kotlin/docs/kotlin_logos.zip"
"Krita","3BABFF","https://krita.org/en/about/press/"
"KTM","FF6600","https://ktm.com"
"Kubernetes","326CE5","https://github.com/kubernetes/kubernetes/tree/master/logo"
"Kyocera","ED1C24","https://en.wikipedia.org/wiki/Kyocera"
"LabVIEW","FFDB00","http://download.ni.com/evaluation/2018_Partner_Cobranding_Style_Guide.pdf"
"Lamborghini","DDB320","https://en.wikipedia.org/wiki/File:Lamborghini_Logo.svg"
"Land Rover","005A2B","https://www.landrover.com.au/download-a-brochure/index.html"
"Laragon","0E83CD","https://laragon.org/"
"Laravel","FF2D20","https://github.com/laravel/art"
"Laravel Horizon","405263","https://horizon.laravel.com/"
"Laravel Nova","252D37","https://nova.laravel.com/"
"Last.fm","D51007","https://commons.wikimedia.org/wiki/File:Lastfm_logo.svg"
"LastPass","D32D27","https://lastpass.com/press-room/"
"LaTeX","008080","https://github.com/latex3/branding"
"Launchpad","F8C300","https://help.launchpad.net/logo/submissions"
"LBRY","2F9176","https://lbry.com/press-kit"
"Leaflet","199900","https://github.com/Leaflet/Leaflet/blob/d843c3b88486713827d7e860b58bdba75bfbd5a2/src/images/logo.svg"
"Leanpub","FFFFFF","https://leanpub.com/press"
"LeetCode","FFA116","https://leetcode.com/store"
"Lenovo","E2231A","https://www.lenovopartnernetwork.com/us/branding/"
"Let’s Encrypt","003A70","https://letsencrypt.org/trademarks/"
"Letterboxd","00D735","https://letterboxd.com/about/logos/"
"LG","A50034","https://en.wikipedia.org/wiki/LG_Corporation"
"LGTM","FFFFFF","https://lgtm.com/"
"Liberapay","F6C915","https://liberapay.com/assets/liberapay/icon-v2_yellow-r.svg"
"LibraryThing","251A15","https://twitter.com/LibraryThing/status/1054466649271656448"
"LibreOffice","18A303","https://wiki.documentfoundation.org/Marketing/Branding"
"libuv","403C3D","https://github.com/libuv/libuv/blob/e4087dedf837f415056a45a838f639a3d9dc3ced/img/logos.svg"
"Lighthouse","F44B21","https://github.com/GoogleChrome/lighthouse/blob/80d2e6c1948f232ec4f1bdeabc8bc632fc5d0bfd/assets/lh_favicon.svg"
"LINE","00C300","http://line.me/en/logo"
"LINE WEBTOON","00D564","http://webtoons.com/"
"LineageOS","167C80","https://www.lineageos.org/"
"LinkedIn","0077B5","https://brand.linkedin.com"
"Linode","00A95C","https://www.linode.com/company/press/"
"Linux","FCC624","http://www.linuxfoundation.org/about/about-linux"
"Linux Foundation","009BEE","http://www.linuxfoundation.org/about/about-linux"
"Linux Mint","87CF3E","https://commons.wikimedia.org/wiki/File:Linux_Mint_logo_without_wordmark.svg"
"Litecoin","A6A9AA","https://litecoin-foundation.org/wp-content/uploads/2019/01/LC18-007-Brand-guidelines.pdf"
"LiveJournal","00B0EA","http://www.livejournal.com"
"Livestream","CF202E","https://livestream.com/press"
"LLVM","262D3A","https://llvm.org/Logo.html"
"LMMS","10B146","https://lmms.io/branding"
"Logitech","00B8FC","https://www.logitech.com/"
"LogMeIn","45B6F2","https://www.logmein.com/"
"Logstash","005571","https://www.elastic.co/brand"
"Loom","FD5E60","https://www.loom.com/press"
"Loop","F29400","https://loop.frontiersin.org/"
"Lospec","EAEAEA","https://lospec.com/brand"
"Lua","2C2D72","https://www.lua.org/docs.html"
"Lubuntu","0068C8","https://lubuntu.net/"
"Lufthansa","05164D","https://www.lufthansa.com/"
"Lumen","E74430","https://lumen.laravel.com/"
"Lyft","FF00BF","https://www.lyft.com/press"
"MAAS","E95420","https://design.ubuntu.com/downloads/"
"Macy’s","E21A2C","http://www.macysinc.com/press-room/logo-photo-gallery/logos-macys-inc/default.aspx"
"Magento","EE672F","http://magento.com"
"Magisk","00AF9C","https://github.com/topjohnwu/Magisk/blob/master/app/src/main/res/drawable/ic_magisk.xml"
"Mail.Ru","005FF9","https://my.mail.ru"
"MailChimp","FFE01B","http://mailchimp.com/about/brand-assets"
"MakerBot","FF1E0D","http://www.makerbot.com/makerbot-press-assets"
"MAN","E40045","https://www.corporate.man.eu/"
"ManageIQ","EF2929","https://www.manageiq.org/logo/"
"Manjaro","35BF5C","https://commons.wikimedia.org/wiki/File:Manjaro-logo.svg"
"Mapbox","000000","https://www.mapbox.com/about/press/brand-guidelines"
"MariaDB","003545","https://mariadb.com/"
"MariaDB Foundation","1F305F","https://mariadb.org/"
"Markdown","000000","https://github.com/dcurtis/markdown-mark"
"Marketo","5C4C9F","https://www.marketo.com/"
"Marriott","A70023","https://marriott-hotels.marriott.com/"
"Maserati","0C2340","https://www.maserati.com/international/"
"MasterCard","EB001B","https://brand.mastercard.com/brandcenter/mastercard-brand-mark/downloads.html"
"mastercomfig","009688","https://github.com/mastercomfig/mastercomfig.github.io/blob/d910ce7e868a6ef32106e36996c3473d78da2ce3/img/mastercomfig_logo.svg"
"Mastodon","3088D4","https://source.joinmastodon.org/mastodon/joinmastodon/blob/master/public/press-kit.zip"
"Material Design","757575","https://material.io/design/"
"Material Design Icons","2196F3","https://materialdesignicons.com/icon/vector-square"
"Material-UI","0081CB","https://material-ui.com/"
"Mathworks","0076A8","https://www.mathworks.com/brand.html"
"Matrix","000000","https://matrix.org"
"Mattermost","0072C6","https://www.mattermost.org/brand-guidelines/"
"Matternet","261C29","http://mttr.net"
"Max-Planck-Gesellschaft","006C66","https://www.mpg.de"
"Maytag","002E5F","https://www.maytagcommerciallaundry.com/mclstorefront/c/-/p/MYR40PD"
"Mazda","101010","https://www.mazda.com/en/about/profile/library/"
"McAfee","C01818","https://www.mcafee.com/"
"McDonald's","FBC817","https://www.mcdonalds.com/gb/en-gb/newsroom.html"
"MDN Web Docs","000000","https://developer.mozilla.org/"
"MediaFire","1299F3","https://www.mediafire.com/press/"
"MediaTemple","000000","https://mediatemple.net/company/about-us"
"Medium","12100E","https://medium.design/logos-and-brand-guidelines-f1a01a733592"
"Meetup","ED1C40","https://www.meetup.com/media/"
"MEGA","D9272E","https://en.wikipedia.org/wiki/File:01_mega_logo.svg"
"Mendeley","9D1620","https://www.mendeley.com/"
"Mercedes","242424","https://www.mercedes-benz.com/"
"Messenger","00B2FF","https://en.facebookbrand.com/assets/messenger/"
"Meteor","DE4F4F","http://logo.meteorapp.com/"
"Metro de la Ciudad de México","F77E1C","https://es.wikipedia.org/wiki/Archivo:Metro_de_la_Ciudad_de_M%C3%A9xico_(logo)_version_2019.svg"
"Metro de Madrid","255E9C","https://commons.wikimedia.org/wiki/File:MetroMadridLogo.svg"
"Métro de Paris","003E95","https://www.ratp.fr/"
"MeWe","17377F","https://mewe.com"
"micro:bit","00ED00","https://microbit.org/"
"Micro.blog","FF8800","https://help.micro.blog/"
"Microgenetics","FF0000","http://microgenetics.co.uk/"
"Microsoft","666666","https://ratnacahayarina.files.wordpress.com/2014/03/microsoft.pdf"
"Microsoft Academic","2D9FD9","https://academic.microsoft.com/"
"Microsoft Access","A4373A","https://developer.microsoft.com/en-us/fabric#/styles/web/colors/products"
"Microsoft Azure","0089D6","https://upload.wikimedia.org/wikipedia/commons/a/a8/Microsoft_Azure_Logo.svg"
"Microsoft Edge","0078D7","https://support.microsoft.com/en-us/help/17171/microsoft-edge-get-to-know"
"Microsoft Excel","217346","https://developer.microsoft.com/en-us/fabric#/styles/web/colors/products"
"Microsoft Exchange","0078D4","https://developer.microsoft.com/en-us/fabric#/styles/web/"
"Microsoft Office","D83B01","https://developer.microsoft.com/en-us/microsoft-365"
"Microsoft OneDrive","0078D4","https://developer.microsoft.com/en-us/fabric#/styles/web/colors/products"
"Microsoft OneNote","7719AA","https://developer.microsoft.com/en-us/fabric#/styles/web/colors/products"
"Microsoft Outlook","0078D4","https://developer.microsoft.com/en-us/outlook/docs"
"Microsoft PowerPoint","B7472A","https://developer.microsoft.com/en-us/fabric#/styles/web/colors/products"
"Microsoft SharePoint","0078D4","https://developer.microsoft.com/en-us/fabric#/styles/web/colors/products"
"Microsoft SQL Server","CC2927","https://de.wikipedia.org/wiki/Microsoft_SQL_Server"
"Microsoft Teams","6264A7","https://developer.microsoft.com/en-us/fabric#/styles/web/colors/products"
"Microsoft Visio","3955A3","https://developer.microsoft.com/en-us/fabric#/styles/web/colors/products"
"Microsoft Word","2B579A","https://developer.microsoft.com/en-us/fabric#/styles/web/colors/products"
"MicroStrategy","D9232E","https://www.microstrategy.com/us/company/press-kit"
"MIDI","000000","https://en.wikipedia.org/wiki/MIDI"
"Minds","FED12F","https://www.minds.com/"
"Minecraft","62B47A","https://education.minecraft.net/press/"
"Minetest","53AC56","https://www.minetest.net/"
"Mini","000000","https://mini.co.uk"
"Minutemailer","3ABFE6","https://minutemailer.com/press"
"Mitsubishi","E60012","https://www.mitsubishi.com/"
"Mix","FF8126","https://mix.com"
"Mixcloud","5000FF","https://www.mixcloud.com/about"
"Mocha","8D6748","https://mochajs.org/"
"Mojang Studios","EF323D","https://www.minecraft.net"
"Moleculer","3CAFCE","https://moleculer.services/"
"Monero","FF6600","https://getmonero.org"
"MongoDB","47A248","https://www.mongodb.com/pressroom"
"Monkey tie","FFC619","https://www.monkey-tie.com/presse"
"Monogram","FDB22A","http://monogram.me"
"Monster","6E46AE","https://www.monster.com/"
"Monzo","14233C","https://monzo.com/press/"
"Moo","00945E","https://www.moo.com/uk/about/press.html"
"Moscow Metro","D9232E","https://mosmetro.ru/"
"Mozilla","000000","https://mozilla.ninja/our-logo"
"MTA","0039A6","https://mta.info/"
"MTR","AC2E45","https://commons.wikimedia.org/wiki/File:MTR_(logo_with_text).svg"
"MuseScore","1A70B8","https://musescore.org/en/about/logos-and-graphics"
"MusicBrainz","BA478F","https://metabrainz.org/projects"
"MX Linux","000000","https://mxlinux.org/art/"
"MYOB","6100A5","https://myob-identikit.frontify.com/d/JK2D4WFOdAwV/for-developers"
"Myspace","030303","https://myspace.com/pressroom/assetslogos"
"MySQL","4479A1","https://www.mysql.com/about/legal/logos.html"
"N26","48AC98","https://n26.com/"
"National Grid","00148C","https://www.nationalgrid.com/themes/custom/national_grid_group/logo.svg"
"NativeScript","3655FF","https://docs.nativescript.org/"
"NBB","FF7100","https://presse.notebooksbilliger.de/presskits/style-guide"
"NDR","0C1754","https://www.ndr.de/"
"NEC","1414A0","https://commons.wikimedia.org/wiki/File:NEC_logo.svg"
"Neo4j","008CC1","https://neo4j.com/style-guide/"
"Neovim","57A143","https://github.com/neovim/neovim.github.io/tree/master/logos"
"NestJS","E0234E","https://nestjs.com/"
"NetApp","0067C5","http://www.netapp.com/"
"Netflix","E50914","https://brand.netflix.com/en/assets/brand-symbol"
"Netlify","00C7B7","https://www.netlify.com/press/"
"New Relic","008C99","https://newrelic.com/about/media-assets"
"New York Times","000000","https://www.nytimes.com/"
"Next.js","000000","https://nextjs.org/"
"Nextcloud","0082C9","https://nextcloud.com/press/"
"Nextdoor","8ED500","https://nextdoor.com/newsroom/"
"NFC","002E5F","https://nfc-forum.org/our-work/nfc-branding/n-mark/guidelines-and-brand-assets/"
"NGINX","269539","https://www.nginx.com/"
"ngrok","1F1E37","https://ngrok.com/"
"niconico","231815","https://www.nicovideo.jp/"
"Nim","FFE953","https://nim-lang.org"
"Nintendo","8F8F8F","https://en.wikipedia.org/wiki/Nintendo#/media/File:Nintendo.svg"
"Nintendo 3DS","D12228","https://www.nintendo.de/"
"Nintendo GameCube","6A5FBB","https://www.nintendo.com/consumer/systems/nintendogamecube/index.jsp"
"Nintendo Network","FF7D00","https://accounts.nintendo.com/login"
"Nintendo Switch","E60012","http://www.nintendo.co.uk/"
"Nissan","C3002F","https://www.nissan.ie/"
"NixOS","5277C3","https://github.com/NixOS/nixos-homepage/tree/master/logo"
"Node-RED","8F0000","https://nodered.org/about/resources/"
"Node.js","339933","https://nodejs.org/en/about/resources/"
"Nodemon","76D04B","https://nodemon.io/"
"Nokia","124191","https://www.nokia.com/"
"Notepad++","90E59A","https://github.com/notepad-plus-plus/notepad-plus-plus/tree/master/PowerEditor/misc/chameleon"
"Notion","000000","https://www.notion.so/"
"Notist","333333","https://noti.st/"
"NPM","CB3837","https://github.com/npm/logos"
"Nubank","8A05BE","https://nubank.com.br/imprensa/"
"Nucleo","111111","https://nucleoapp.com/"
"NuGet","004880","https://github.com/NuGet/Media/blob/89f7c87245e52e8ce91d94c0a47f44c6576e3a0d/Images/MainLogo/Vector/nuget.svg"
"Nuke","000000","https://www.foundry.com/products/nuke"
"Numba","00A3E0","https://github.com/numba/numba/blob/0db8a2bcd0f53c0d0ad8a798432fb3f37f14af27/docs/_static/numba-blue-icon-rgb.svg"
"NumPy","013243","https://numpy.org"
"Nutanix","024DA1","https://www.nutanix.com/content/dam/nutanix/en/cmn/documents/nutanix-brandbook.pdf"
"Nuxt.js","00C58E","https://nuxtjs.org/"
"NVIDIA","76B900","https://www.nvidia.com/etc/designs/nvidiaGDC/clientlibs_base/images/NVIDIA-Logo.svg"
"OBS Studio","302E31","https://upload.wikimedia.org/wikipedia/commons/7/78/OBS.svg"
"OCaml","EC6813","http://ocaml.org/img/OCaml_Sticker.svg"
"Octave","0790C0","https://www.gnu.org/software/octave/"
"Octopus Deploy","2F93E0","https://octopus.com/company/brand"
"Oculus","1C1E20","https://www.oculus.com/en-us/press-kit"
"Odnoklassniki","EE8208","https://insideok.ru/brandbook"
"okcupid","0500BE","https://okcupid.com/press"
"OnePlus","F5010C","https://en.wikipedia.org/wiki/OnePlus#/media/File:OP_LU_Reg_1L_RGB_red_copy-01.svg"
"OnStar","003D7D","https://www.onstar.com/"
"Opel","F7D900","https://de.wikipedia.org/wiki/Opel"
"Open Access","F68212","https://commons.wikimedia.org/wiki/File:Open_Access_logo_PLoS_white.svg"
"Open Badges","073B5A","https://backpack.openbadges.org/"
"Open Collective","7FADF2","https://docs.opencollective.com/help/about#media-logo"
"Open Containers Initiative","262261","https://github.com/opencontainers/artwork/tree/master/oci/icon"
"Open Source Initiative","3DA639","https://opensource.org/logo-usage-guidelines"
"OpenAI","412991","https://openai.com/"
"OpenAI Gym","0081A5","https://gym.openai.com/"
"OpenAPI Initiative","6BA539","https://www.openapis.org/faq/style-guide"
"OpenBSD","F2CA30","https://en.wikipedia.org/wiki/OpenBSD"
"OpenGL","5586A4","https://www.khronos.org/legal/trademarks/"
"OpenID","F78C40","https://openid.net/add-openid/logos/"
"Openlayers","1F6B75","https://github.com/openlayers/openlayers.github.io/blob/5b93e18b8d302eb49a812fb96abb529895ceb7a2/assets/logo.svg"
"OpenSSL","721412","https://www.openssl.org/"
"OpenStack","ED1944","https://www.openstack.org/brand/openstack-logo/"
"OpenStreetMap","7EBC6F","https://www.openstreetmap.org"
"openSUSE","73BA25","https://en.opensuse.org/Portal:Artwork"
"OpenVPN","EA7E20","https://openvpn.net/wp-content/themes/openvpn/assets/images/logo.svg"
"Opera","FF1B2D","https://github.com/operasoftware/logo"
"Opsgenie","172B4D","https://www.atlassian.com/company/news/press-kit"
"OpsLevel","1890FF","https://www.opslevel.com/"
"Oracle","F80000","https://www.oracle.com/webfolder/s/brand/identity/index.html"
"ORCID","A6CE39","https://orcid.org/trademark-and-id-display-guidelines"
"Origin","F56C2D","https://www.origin.com/gbr/en-us/store"
"Osano","7764FA","https://www.osano.com/"
"Oshkosh","E6830F","https://oshkoshdefense.com/media/photos/"
"OSMC","17394A","https://github.com/osmc/osmc/tree/master/assets"
"Overcast","FC7E0F","https://overcast.fm"
"Overleaf","47A141","https://www.overleaf.com/for/press/media-resources"
"OVH","123F6D","https://www.ovh.com/fr/news/logo-ovh.xml"
"Packagist","F28D1A","https://github.com/composer/packagist"
"Pagekit","212121","https://pagekit.com/logo-guide"
"PagerDuty","06AC38","https://www.pagerduty.com/brand/"
"PagSeguro","FFC801","https://pagseguro.uol.com.br/"
"Palantir","101113","https://github.com/palantir/conjure/blob/master/docs/media/palantir-logo.svg"
"Palo Alto Software","83DA77","https://www.paloalto.com"
"pandas","150458","https://pandas.pydata.org/about/citing.html"
"Pandora","224099","https://www.pandoraforbrands.com/"
"Pantheon","FFDC28","https://projects.invisionapp.com/boards/8UOJQWW2J3G5#/1145336"
"Parity Substrate","282828","http://substrate.dev/"
"Parse.ly","5BA745","https://www.parse.ly/"
"Pastebin","02456C","https://pastebin.com/"
"Patreon","F96854","https://www.patreon.com/brand/downloads"
"Payoneer","FF4800","https://www.payoneer.com/"
"PayPal","00457C","https://www.paypal-marketing.com/html/partner/na/portal-v2/pdf/PP_Masterbrandguidelines_v21_mm.pdf"
"PCGamingWiki","556DB3","https://static.pcgamingwiki.com/logos/pcgamingwiki.svg"
"PeerTube","F1680D","https://github.com/Chocobozzz/PeerTube/tree/develop/client/src/assets/images"
"Pelican","14A0C4","https://blog.getpelican.com/pages/gratitude.html"
"Pepsi","2151A1","http://gillettepepsicola.com/promotions-media/media-kit/"
"Periscope","40A4C4","https://www.periscope.tv/press"
"Perl","39457E","https://github.com/tpf/marketing-materials/blob/6765c6fd71bc5b123d6c1a77b86e08cdd6376078/images/onion-logo/tpf-logo-onion.svg"
"Peugeot","002355","https://www.groupe-psa.com/en/brands-and-services/peugeot/"
"Pexels","05A081","https://www.pexels.com/"
"Phabricator","4A5F88","https://phacility.com/trademarks/"
"Philips Hue","0065D3","https://www2.meethue.com/en-us/support"
"PhonePe","5F259F","https://www.phonepe.com/"
"Photocrowd","3DAD4B","https://www.photocrowd.com/"
"PHP","777BB4","http://php.net/download-logos.php"
"PhpStorm","000000","https://www.jetbrains.com/company/brand/logos/"
"Pi-hole","FF0000","https://docs.pi-hole.net"
"Picarto.TV","1DA456","https://picarto.tv/site/press"
"PicPay","21C25E","https://www.picpay.com/site/sobre-nos"
"Pimcore","6428B4","https://pimcore.com/en/media-kit"
"Pinboard","0000FF","https://commons.wikimedia.org/wiki/File:Feedbin-Icon-share-pinboard.svg"
"Pingdom","FFF000","https://tools.pingdom.com"
"Pingup","00B1AB","http://pingup.com/resources"
"Pinterest","BD081C","https://business.pinterest.com/en/brand-guidelines"
"Pivotal Tracker","517A9E","https://www.pivotaltracker.com/branding-guidelines"
"Piwigo","FF7700","https://github.com/Piwigo/piwigodotorg/blob/6edb840c16257314caec770a9a51f67ef81836e4/images/piwigo.org.svg"
"Pixabay","2EC66D","https://pixabay.com/service/about/"
"pixiv","0096FA","https://www.pixiv.net/terms/?page=brand"
"PJSIP","F86001","https://www.pjsip.org/favicon.ico"
"Planet","009DB1","https://www.planet.com/explorer/"
"PlanGrid","0085DE","https://plangrid.com/en/"
"Platzi","98CA3F","https://github.com/PlatziDev/oss/blob/932bd83d43e061e1c38fbc116db31aa6d0145be6/static/logo.svg"
"Player FM","C8122A","https://player.fm/"
"Player.me","C0379A","https://player.me/p/about-us"
"PlayStation","003791","http://uk.playstation.com/media/DPBjbK0o/CECH-4202_4203%20PS3_QSG_GB_Eastern_3_web_vf1.pdf"
"PlayStation 2","003791","https://commons.wikimedia.org/wiki/File:PlayStation_2_logo.svg"
"PlayStation 3","003791","https://commons.wikimedia.org/wiki/File:PlayStation_3_Logo_neu.svg#/media/File:PS3.svg"
"PlayStation 4","003791","https://commons.wikimedia.org/wiki/File:PlayStation_4_logo_and_wordmark.svg"
"PlayStation Vita","003791","https://commons.wikimedia.org/wiki/File:PlayStation_Vita_logo.svg"
"Pleroma","FBA457","https://pleroma.social/"
"Plesk","52BBE6","https://www.plesk.com/brand/"
"Plex","E5A00D","http://brand.plex.tv/d/qxmJ3odkK0fj/plex-style-guide"
"Pluralsight","F15B2A","https://www.pluralsight.com/newsroom/brand-assets"
"Plurk","FF574D","https://www.plurk.com/brandInfo"
"Plus Codes","57C4D2","https://plus.codes/"
"Pocket","EF3F56","https://getpocket.com/blog/press/"
"Pocket Casts","F43E37","https://blog.pocketcasts.com/press/"
"Podcast Addict","F4842D","https://podcastaddict.com"
"Pokémon","FFCB05","https://commons.wikimedia.org/wiki/File:International_Pok%C3%A9mon_logo.svg"
"Poly","EB3C00","https://www.poly.com/"
"Polymer Project","FF4470","https://github.com/Polymer/polymer-project.org/tree/master/app/images/logos"
"Porsche","B12B28","https://www.porsche.com/"
"PostCSS","DD3A0A","https://postcss.org/"
"PostgreSQL","336791","https://wiki.postgresql.org/wiki/Logo"
"Postman","FF6C37","https://www.getpostman.com/resources/media-assets/"
"Power BI","F2C811","https://powerbi.microsoft.com/en-us/"
"POWERS","D21F3C","https://www.powerswhiskey.com/"
"PowerShell","5391FE","https://github.com/PowerShell/PowerShell"
"pr.co","0080FF","https://www.pr.co/"
"pre-commit","FAB040","https://github.com/pre-commit/pre-commit.github.io"
"PrestaShop","DF0067","https://www.prestashop.com/en/media-kit"
"Prettier","F7B93E","https://github.com/prettier/prettier-logo/tree/master/images"
"Prezi","3181FF","https://prezi.com/press/kit/"
"Prime","00A8E1","https://www.amazon.com/b?node=17277626011"
"Prime Video","1F2E3E","https://m.media-amazon.com/images/G/01/cooper/PV_Branding_Guidelines_Logos_Lock_Ups._CB1539191655_.pdf"
"Prismic","5163BA","https://prismic.io/"
"Pro Tools","7ACB10","https://cdn-www.avid.com/Content/fonts/avidmoon.ttf"
"Probot","00B0D8","https://github.com/probot/probot"
"ProcessWire","EF145F","https://github.com/processwire"
"Product Hunt","DA552F","https://www.producthunt.com/branding"
"Prometheus","E6522C","https://prometheus.io/"
"ProSieben","E6000F","https://www.prosieben.de/"
"Proto.io","34A7C1","https://proto.io/en/presskit"
"protocols.io","4D9FE7","https://www.protocols.io/brand"
"ProtonDB","F50057","https://www.protondb.com/"
"ProtonMail","8B89CC","https://protonmail.com/media-kit"
"Proxmox","E57000","https://www.proxmox.com/en/news/media-kit"
"Publons","336699","https://publons.com/about/logos"
"Puppet","FFAE1A","https://puppet.com/company/press-room/"
"PureScript","14161A","https://github.com/purescript/logo"
"PyCharm","000000","https://www.jetbrains.com/company/brand/logos/"
"PyPI","3775A9","https://pypi.org/"
"Python","3776AB","https://www.python.org/community/logos/"
"PyTorch","EE4C2C","https://github.com/pytorch/pytorch/tree/master/docs/source/_static/img"
"PyUp","9F55FF","https://pyup.io/"
"Qantas","E40000","https://freight.qantas.com/"
"QEMU","FF6600","https://wiki.qemu.org/Logo"
"Qgis","589632","https://www.qgis.org/en/site/getinvolved/styleguide.html"
"Qi","000000","https://www.wirelesspowerconsortium.com/knowledge-base/retail/qi-logo-guidelines-and-artwork.html"
"Qiita","55C500","https://www.qiita.com"
"QIWI","FF8C00","https://qiwi.com/"
"Qt","41CD52","https://qt-brandbook.webflow.io/design"
"Qualcomm","3253DC","https://www.qualcomm.com"
"Qualtrics","00B4EF","https://www.qualtrics.com/brand-book/"
"Quantcast","000000","https://www.quantcast.com/user/login"
"Quantopian","C51E25","https://www.quantopian.com/about"
"Quarkus","4695EB","https://design.jboss.org/quarkus/"
"Quasar","1976D2","https://github.com/quasarframework/quasar-art/blob/cbbbb4b0b7ec7181dfc2d1b29a1ce025e71575bc/src/quasar-logo.svg"
"Quest","FB4F14","https://www.quest.com/legal/trademark-information.aspx"
"QuickTime","1C69F0","https://support.apple.com/quicktime"
"Quip","F27557","https://quip.com/"
"Quora","B92B27","https://www.quora.com"
"Qwiklabs","F5CD0E","https://www.qwiklabs.com"
"Qzone","FECE00","https://qzone.qq.com/"
"R","276DC3","https://www.r-project.org/logo/"
"RabbitMQ","FF6600","https://www.rabbitmq.com/"
"RadioPublic","CE262F","https://help.radiopublic.com/hc/en-us/articles/360002546754-RadioPublic-logos"
"Rancher","0075A8","https://rancher.com/brand-guidelines/"
"Raspberry Pi","C51A4A","https://www.raspberrypi.org/trademark-rules"
"Razer","00FF00","https://en.wikipedia.org/wiki/File:Razer_snake_logo.svg"
"React","61DAFB","https://github.com/facebook/create-react-app/blob/282c03f9525fdf8061ffa1ec50dce89296d916bd/test/fixtures/relative-paths/src/logo.svg"
"React Router","CA4245","https://reacttraining.com/react-router/"
"ReactiveX","B7178C","https://github.com/ReactiveX/rxjs/blob/master/resources/CI-CD/logo/svg/RxJs_Logo_Black.svg"
"ReactOS","0088CC","https://github.com/reactos/press-media"
"Read the Docs","8CA1AF","https://github.com/readthedocs/readthedocs.org/blob/2dc9706c4fe7fa6d4410ed0e5aedca8d4796fe0f/media/readthedocsbranding.ai"
"Realm","39477F","https://realm.io/press"
"Reason","DD4B39","https://reasonml.github.io/img/reason.svg"
"Reason Studios","FFFFFF","https://www.reasonstudios.com/press"
"Red Hat","EE0000","https://www.redhat.com/en/about/brand/new-brand/details"
"Red Hat Open Shift","EE0000","https://www.openshift.com/"
"Redbubble","E41321","https://www.redbubble.com/explore/client/4196122a442ab3f429ec802f71717465.svg"
"Reddit","FF4500","https://www.redditinc.com/brand"
"Redis","DC382D","https://www.redislabs.com/brand-guidelines/"
"Redux","764ABC","https://github.com/reactjs/redux/tree/master/logo"
"Ren'Py","FF7F7F","https://renpy.org"
"Renault","FFCC33","https://en.wikipedia.org/wiki/File:Renault_F1_Team_logo_2019.svg"
"RenovateBot","1A1F6C","https://avatars1.githubusercontent.com/u/38656520"
"Renren","217DC6","https://seeklogo.com/vector-logo/184137/renren-inc"
"repl.it","667881","https://repl.it/"
"ResearchGate","00CCBB","https://c5.rgstatic.net/m/428059296771819/images/favicon/favicon.svg"
"RetroArch","000000","https://github.com/libretro/RetroArch/blob/b01aabf7d1f025999ad0f7812e6e6816d011e631/media/retroarch.svg"
"RetroPie","CC0000","https://github.com/RetroPie/RetroPie-Docs/blob/c4e882bd2c9d740c591ff346e07a4a4cb536ca93/images/logo.svg"
"ReverbNation","E43526","https://www.reverbnation.com"
"Revolut","0075EB","https://www.revolut.com/"
"REWE","CC071E","https://www.rewe.de/"
"Rhinoceros","801010","https://www.rhino3d.com/"
"Ring","1C9AD6","https://store.ring.com/press"
"Riot Games","D32936","https://www.riotgames.com/en/press"
"Ripple","0085C0","https://www.ripple.com/media-kit/"
"Riseup","5E9EE3","https://riseup.net/en/about-us/images"
"Roam Research","343A40","https://roamresearch.com/assets/"
"Roku","662D91","https://www.roku.com/"
"rollup.js","EC4A3F","https://rollupjs.org/"
"Roots","525DDC","https://roots.io/about/brand/"
"Roots Bedrock","525DDC","https://roots.io/about/brand/"
"Roots Sage","525DDC","https://roots.io/about/brand/"
"Roundcube","37BEFF","https://roundcube.net/images/roundcube_logo_icon.svg"
"RSS","FFA500","https://en.wikipedia.org/wiki/Feed_icon"
"RStudio","75AADB","https://www.rstudio.com/about/logos/"
"RTÉ","00A7B3","https://www.rte.ie/archives/"
"RTL","E9113B","https://commons.wikimedia.org/wiki/File:RTL_Cornerlogo.svg"
"RTLZWEI","00BCF6","https://www.rtl2.de/"
"Ruby","CC342D","https://www.ruby-lang.org/en/about/logo/"
"Ruby on Rails","CC0000","http://rubyonrails.org/images/rails-logo.svg"
"RubyGems","E9573F","https://rubygems.org/pages/about"
"Runkeeper","2DC9D7","https://runkeeper.com/partnerships"
"RunKit","491757","https://www.npmjs.com/package/@runkit/brand"
"Rust","000000","https://www.rust-lang.org/"
"Ryanair","073590","https://corporate.ryanair.com/media-centre/stock-images-gallery/#album-container-3"
"Safari","000000","https://images.techhive.com/images/article/2014/11/safari-favorites-100530680-large.jpg"
"Sahibinden","FFE800","https://www.sahibinden.com/favicon.ico"
"Salesforce","00A1E0","https://www.salesforce.com/styleguide/elements/logos"
"SaltStack","00EACE","https://www.saltstack.com/resources/brand/"
"Samsung","1428A0","https://www.samsung.com/us"
"Samsung Pay","1428A0","https://pay.samsung.com/developers/resource/brand"
"San Francisco Municipal Railway","BA0C2F","http://www.actransit.org/wp-content/uploads/HSP_CC-sched.pdf"
"SAP","0FAAFF","https://www.sap.com/"
"Sass","CC6699","http://sass-lang.com/styleguide/brand"
"Sat.1","047DA3","https://www.prosiebensat1.com/presse/downloads/logos"
"Sauce Labs","E2231A","https://saucelabs.com/"
"Scala","DC322F","https://www.scala-lang.org/"
"Scaleway","4F0599","https://www.scaleway.com"
"Scania","041E42","https://www.scania.com/"
"scikit-learn","F7931E","https://github.com/scikit-learn/scikit-learn/blob/c5ef2e985c13119001aa697e446ebb3dbcb326e5/doc/logos/scikit-learn-logo.svg"
"Scopus","E9711C","https://www.scopus.com/"
"Scratch","4D97FF","https://github.com/LLK/scratch-link/blob/027e3754ba6db976495e905023d5ac5e730dccfc/Assets/Windows/SVG/Windows%20Tray%20400x400.svg"
"Scribd","1A7BBA","https://www.scribd.com"
"Scrutinizer CI","8A9296","https://scrutinizer-ci.com"
"Seagate","6EBE49","https://branding.seagate.com/productpage/3fc51aba-c35a-4eff-a833-a258b0440bd2"
"SEAT","33302E","https://www.seat.es/"
"Sega","0089CF","https://en.wikipedia.org/wiki/Sega#/media/File:Sega_logo.svg"
"Sellfy","21B352","https://sellfy.com/about/"
"Semantic Web","005A9C","https://www.w3.org/2007/10/sw-logos.html"
"Semaphore CI","19A974","https://semaphoreci.com/"
"SemVer","3F4551","https://github.com/semver/semver.org/blob/b6983849e38911195a24357809187c2f50af0d40/assets/500x500(light).jpg"
"Sencha","86BC40","http://design.sencha.com/"
"Sennheiser","000000","https://sennheiser.com"
"Sensu","89C967","https://github.com/sensu/sensu-go/blob/master/dashboard/src/assets/logo/graphic/green.svg"
"Sentry","FB4226","https://sentry.io/branding/"
"Server Fault","E7282D","http://stackoverflow.com/company/logos"
"Serverless","FD5750","https://serverless.com/"
"Shanghai Metro","EC1C24","https://en.wikipedia.org/wiki/File:Shanghai_Metro_Full_Logo.svg"
"Shazam","0088FF","https://brandfolder.com/shazam"
"Shell","FFD500","https://en.wikipedia.org/wiki/File:Shell_logo.svg"
"Shenzhen Metro","009943","https://en.wikipedia.org/wiki/File:Shenzhen_Metro_Corporation_logo_full.svg"
"Shikimori","343434","https://shikimori.one"
"Shopify","7AB55C","https://press.shopify.com/brand"
"Shopware","189EFF","https://www.shopware.com/en/press/press-material/"
"Showpad","2D2E83","https://www.showpad.com/"
"Shutterstock","EE2B24","https://www.shutterstock.com/press/media"
"Siemens","009999","https://siemens.com/"
"Signal","2592E9","https://play.google.com/store/apps/details?id=org.thoughtcrime.securesms"
"Simple Icons","111111","https://simpleicons.org/"
"Sina Weibo","E6162D","https://en.wikipedia.org/wiki/Sina_Weibo"
"SingleStore","AA00FF","https://www.singlestore.com/brand/"
"SitePoint","258AAF","http://www.sitepoint.com"
"Sketch","F7B500","https://www.sketch.com/press/"
"Sketchfab","1CAAD9","https://sketchfab.com/press"
"SketchUp","005F9E","https://www.sketchup.com/themes/sketchup_www_terra/images/SketchUp-Horizontal-RGB.svg"
"Skillshare","17C5CB","https://company-89494.frontify.com/d/Tquwc3XMiaBb/skillshare-style-guide"
"ŠKODA","4BA82E","https://en.wikipedia.org/wiki/File:Skoda_Auto_logo_(2011).svg"
"Sky","0072C9","https://www.skysports.com/"
"Skyliner","2FCEA0","https://www.skyliner.io/help"
"Skype","00AFF0","http://blogs.skype.com/?attachment_id=56273"
"Skype for Business","00AFF0","https://en.wikipedia.org/wiki/Skype_for_Business_Server"
"Slack","4A154B","https://slack.com/brand-guidelines"
"Slackware","000000","https://en.wikipedia.org/wiki/Slackware"
"Slashdot","026664","https://commons.wikimedia.org/wiki/File:Slashdot_wordmark_and_logo.svg"
"SlickPic","FF880F","https://www.slickpic.com/"
"Slides","E4637C","https://slides.com/about"
"SlideShare","008ED2","https://www.slideshare.net/ss/creators/"
"smart","FABC0C","https://www.smart.com/gb/en/models/eq-fortwo-coupe"
"SmartThings","15BFFF","https://www.smartthings.com/press-kit"
"Smashing Magazine","E85C33","https://www.smashingmagazine.com/"
"SMRT","EE2E24","https://commons.wikimedia.org/wiki/File:SMRT_Corporation.svg"
"SmugMug","6DB944","https://help.smugmug.com/using-smugmug's-logo-HJulJePkEBf"
"Snapchat","FFFC00","https://www.snapchat.com/brand-guidelines"
"Snapcraft","82BEA0","https://github.com/snapcore/snap-store-badges"
"Snowflake","56B9EB","https://www.snowflake.com/about/press-and-news/"
"Snyk","4C4A73","https://snyk.io/press-kit"
"Society6","000000","https://blog.society6.com/app/themes/society6/dist/images/mark.svg"
"Socket.io","010101","https://socket.io"
"Sogou","FB6022","https://www.sogou.com/"
"Solus","5294E2","https://getsol.us/branding/"
"SonarCloud","F3702A","https://sonarcloud.io/about"
"SonarLint","CC2026","https://github.com/SonarSource/sonarlint-website/"
"SonarQube","4E9BCD","https://www.sonarqube.org/logos/"
"SonarSource","CB3032","https://www.sonarsource.com/"
"Songkick","F80046","http://blog.songkick.com/media-assets"
"SonicWall","FF6600","https://brandfolder.com/sonicwall/sonicwall-external"
"Sonos","000000","https://www.sonos.com/en-gb/home"
"SoundCloud","FF3300","https://soundcloud.com/press"
"Source Engine","F79A10","https://developer.valvesoftware.com/favicon.ico"
"SourceForge","FF6600","https://sourceforge.net/"
"Sourcegraph","00B4F2","https://sourcegraph.com/.assets/img"
"Spacemacs","9266CC","http://spacemacs.org/"
"SpaceX","000000","https://www.spacex.com/"
"SparkFun","E53525","https://www.sparkfun.com/brand_assets"
"SparkPost","FA6423","https://www.sparkpost.com/"
"SPDX","4398CC","https://spdx.org/Resources"
"Speaker Deck","009287","https://speakerdeck.com/"
"Spectrum","7B16FF","https://spectrum.chat"
"Spinnaker","139BB4","https://github.com/spinnaker/spinnaker.github.io/tree/master/assets/images"
"Spinrilla","460856","https://spinrilla.com"
"Splunk","000000","https://www.splunk.com/"
"Spotify","1ED760","https://developer.spotify.com/design"
"Spotlight","352A71","https://www.spotlight.com/"
"Spreaker","F5C300","http://www.spreaker.com/press"
"Spring","6DB33F","https://spring.io/trademarks"
"Sprint","FFCE0A","https://www.sprint.com/"
"Spyder IDE","FF0000","https://www.spyder-ide.org/"
"SQLite","003B57","https://github.com/sqlite/sqlite/blob/43e862723ec680542ca6f608f9963c0993dd7324/art/sqlite370.eps"
"Square","3E4348","https://squareup.com/"
"Square Enix","ED1C24","https://www.square-enix.com/"
"Squarespace","000000","http://squarespace.com/brand-guidelines"
"SSRN","154881","https://www.ssrn.com"
"Stack Exchange","1E5397","http://stackoverflow.com/company/logos"
"Stack Overflow","FE7A16","http://stackoverflow.com"
"Stackbit","207BEA","https://www.stackbit.com/branding-guidelines/"
"StackPath","000000","https://www.stackpath.com/company/logo-and-branding/"
"StackShare","0690FA","https://stackshare.io/branding"
"Stadia","CD2640","https://stadia.dev"
"Staffbase","00A4FD","https://staffbase.com/en/about/press-assets/"
"Starling Bank","7433FF","https://www.starlingbank.com/media/"
"Statamic","1F3641","http://statamic.com/press"
"Staticman","000000","https://staticman.net/"
"Statuspage","172B4D","https://www.atlassian.com/company/news/press-kit"
"Steam","000000","https://partner.steamgames.com/public/marketing/Steam_Guidelines_02102016.pdf"
"SteamDB","000000","https://steamdb.info/"
"Steamworks","1E1E1E","https://partner.steamgames.com/"
"Steem","171FC9","https://steem.com/brand/"
"Steemit","06D6A9","https://steemit.com/"
"Steinberg","C90827","https://www.steinberg.net/en/company/press.html"
"Stellar","7D00FF","https://www.stellar.org/blog/announcing-the-new-stellar-logo"
"Stencyl","8E1C04","http://www.stencyl.com/about/press/"
"Stitcher","000000","https://partners.stitcher.com/"
"STMicroelectronics","03234B","https://www.st.com/"
"Storify","3A98D9","https://storify.com"
"Storybook","FF4785","https://github.com/storybookjs/brand"
"Strapi","2E7EEA","https://strapi.io/"
"Strava","FC4C02","https://itunes.apple.com/us/app/strava-running-and-cycling-gps/id426826309"
"Stripe","008CDD","https://stripe.com/about/resources"
"strongSwan","E00033","https://www.strongswan.org/images/"
"StubHub","003168","http://www.stubhub.com"
"styled-components","DB7093","https://www.styled-components.com/"
"StyleShare","212121","https://www.stylesha.re/"
"Stylus","333333","http://stylus-lang.com/img/stylus-logo.svg"
"Subaru","013C74","https://commons.wikimedia.org/wiki/File:Subaru_logo.svg"
"Sublime Text","FF9800","https://www.sublimetext.com/images/logo.svg"
"Substack","FF6719","https://on.substack.com/"
"Subversion","809CC9","http://subversion.apache.org/logo"
"Super User","2EACE3","http://stackoverflow.com/company/logos"
"Suzuki","E30613","https://www.suzuki.ie/"
"Svelte","FF3E00","https://github.com/sveltejs/svelte/tree/master/site/static"
"SVG","FFB13B","https://www.w3.org/2009/08/svg-logos.html"
"SVGO","14B9FF","https://github.com/svg/svgo"
"Swagger","85EA2D","https://swagger.io/swagger/media/assets/images/swagger_logo.svg"
"Swarm","FFA633","https://foursquare.com/about/logos"
"Swift","FA7343","https://developer.apple.com/develop/"
"Symantec","FDB511","https://commons.wikimedia.org/wiki/File:Symantec_logo10.svg"
"Symfony","000000","https://symfony.com/logo"
"Symphony","0098FF","https://symphony.com/"
"Synology","B6B5B6","https://www.synology.com/en-global/company/branding"
"T-Mobile","E20074","https://www.t-mobile.com/"
"Tableau","E97627","https://www.tableau.com/about/media-download-center"
"Tails","56347C","https://tails.boum.org/contribute/how/promote/material/logo/"
"Tailwind CSS","38B2AC","https://tailwindcss.com/"
"Talend","1675BC","https://www.talend.com/"
"Tapas","FFCE00","https://tapas.io/site/about#media"
"Tasmota","1FA3EC","https://tasmota.github.io/docs/"
"Tata","486AAE","https://www.tata.com/"
"TeamCity","000000","https://www.jetbrains.com/company/brand/logos/"
"TeamSpeak","2580C3","https://www.teamspeak.com/en/more/media-pack/"
"TeamViewer","0E8EE9","https://www.teamviewer.com/resources/images/logos/teamviewer-logo-big.svg"
"TED","E62B1E","https://www.ted.com/participate/organize-a-local-tedx-event/tedx-organizer-guide/branding-promotions/logo-and-design/your-tedx-logo"
"Teespring","39ACE6","https://teespring.com"
"TELE5","C2AD6F","https://www.tele5.de"
"Telegram","2CA5E0","https://commons.wikimedia.org/wiki/File:Telegram_alternative_logo.svg"
"Tencent QQ","EB1923","https://en.wikipedia.org/wiki/File:Tencent_QQ.svg#/media/File:Tencent_QQ.svg"
"Tencent Weibo","20B8E5","http://t.qq.com/"
"TensorFlow","FF6F00","https://www.tensorflow.org/extras/tensorflow_brand_guidelines.pdf"
"Teradata","F37440","https://github.com/Teradata/teradata.github.io/"
"Terraform","623CE4","https://www.hashicorp.com/brand#terraform"
"Tesla","CC0000","http://www.teslamotors.com/en_GB/about"
"The Conversation","D8352A","https://theconversation.com/republishing-guidelines"
"The Mighty","D0072A","https://themighty.com/"
"The Models Resource","3A75BD","https://www.models-resource.com/"
"The Movie Database","01D277","https://www.themoviedb.org/about/logos-attribution"
"The Register","FF0000","https://www.theregister.co.uk/"
"The Sounds Resource","39BE6B","https://www.sounds-resource.com/"
"The Spriters Resource","BE3939","https://www.spriters-resource.com/"
"The Washington Post","231F20","https://www.washingtonpost.com/brand-studio/archive/"
"Three.js","000000","https://github.com/mrdoob/three.js/blob/a567b810cfcb7f6a03e4faea99f03c53081da477/files/icon.svg"
"Threema","3FE669","https://threema.ch/en/press"
"Thumbtack","009FD9","https://www.thumbtack.com/press/media-resources/"
"Thunderbird","0A84FF","https://demo.identihub.co/thunderbird"
"Thymeleaf","005F0F","https://github.com/thymeleaf/thymeleaf-dist/tree/master/src/artwork/thymeleaf%202016"
"Tidal","000000","https://tidal.com"
"Tide","4050FB","https://www.tide.co/newsroom/"
"TikTok","000000","https://tiktok.com"
"Timescale","FDB515","https://www.timescale.com/"
"Tinder","FF6B6B","http://www.gotinder.com/press"
"TinyLetter","ED1C24","https://tinyletter.com/site/press"
"Todoist","E44332","https://doist.com/press/"
"Toggl","E01B22","https://toggl.com/media-toolkit"
"Tokyo Metro","149DD3","https://en.wikipedia.org/wiki/File:TokyoMetro.svg"
"Tomorrowland","000000","https://global.tomorrowland.com/"
"Topcoder","29A7DF","http://topcoder.com/"
"Toptal","3863A0","https://www.toptal.com/branding"
"Tor Browser","7D4698","https://styleguide.torproject.org/brand-assets/"
"Tor Project","7E4798","https://styleguide.torproject.org/brand-assets/"
"Toshiba","FF0000","https://commons.wikimedia.org/wiki/File:Toshiba_logo.svg"
"Toyota","282830","https://www.toyota.ie/world-of-toyota/articles-news-events/2020/new-brand-design.json"
"TrainerRoad","E12726","https://www.trainerroad.com/"
"Trakt","ED1C24","https://trakt.tv"
"TransferWise","00B9FF","https://brand.transferwise.com/logo"
"Transport for Ireland","113B92","https://tfl.gov.uk/"
"Transport for London","00B274","https://www.transportforireland.ie/"
"Travis CI","3EAAAF","https://travis-ci.com/logo"
"Treehouse","5FCF80","https://teamtreehouse.com/about"
"Trello","0079BF","https://trello.com/about/branding"
"Trend Micro","D71921","https://www.trendmicro.com/"
"Triller","FF0089","https://triller.co/static/media/illustrations/logo-full-white.svg"
"Trip.com","287DFA","https://careers.trip.com/"
"Tripadvisor","34E0A1","https://tripadvisor.mediaroom.com/logo-guidelines"
"Trove","609540","https://trove.nla.gov.au/"
"Trulia","53B50A","http://www.trulia.com"
"Trusted Shops","FFDC0F","https://brand.trustedshops.com/d/dorIFVeUmcN9/corporate-design"
"Trustpilot","00B67A","https://support.trustpilot.com/hc/en-us/articles/206289947-Trustpilot-Brand-Assets-Style-Guide"
"Try It Online","303030","https://tio.run/"
"TryHackMe","212C42","https://tryhackme.com/about"
"TUI","70CBF4","https://www.tuiholidays.ie/"
"Tumblr","36465D","https://www.tumblr.com/logo"
"TuneIn","14D8CC","https://cms.tunein.com/press/"
"TurboSquid","FF8135","https://www.brand.turbosquid.com/"
"Turkish Airlines","C70A0C","https://www.turkishairlines.com/tr-int/basin-odasi/logo-arsivi/index.html"
"Tutanota","840010","https://github.com/tutao/tutanota/blob/8ff5f0e7d78834ac8fcb0f2357c394b757ea4793/resources/images/logo-solo-red.svg"
"Twilio","F22F46","https://www.twilio.com/company/brand"
"Twitch","9146FF","https://brand.twitch.tv"
"Twitter","1DA1F2","https://brand.twitter.com"
"Twoo","FF7102","http://www.twoo.com/about/press"
"TypeScript","3178C6","https://www.staging-typescript.org/branding"
"TYPO3","FF8700","https://typo3.com/fileadmin/assets/typo3logos/typo3_bullet_01.svg"
"Uber","000000","https://www.uber.com/media/"
"Uber Eats","5FB709","https://about.ubereats.com/en/logo/"
"Ubiquiti","0559C9","https://www.ui.com/marketing/#logos"
"Ubisoft","000000","https://www.ubisoft.com/en-US/company/overview.aspx"
"uBlock Origin","800000","https://github.com/gorhill/uBlock/blob/master/src/img/ublock.svg"
"Ubuntu","E95420","https://design.ubuntu.com/brand/ubuntu-logo/"
"Udacity","02B3E4","https://www.udacity.com"
"Udemy","EC5252","https://about.udemy.com/newbrand/"
"UIkit","2396F3","https://getuikit.com"
"Ulule","18A5D6","https://ulule.frontify.com/d/EX3dK8qsXgqh/branding-guidelines"
"Umbraco","00BEC1","https://umbraco.com/"
"Undertale","E71D29","https://undertale.com/"
"Unicode","5455FE","https://en.wikipedia.org/wiki/Unicode"
"Unilever","1F36C7","https://www.unilever.co.uk/about/who-we-are/our-logo/"
"United Airlines","002244","https://en.wikipedia.org/wiki/File:United_Airlines_Logo.svg"
"Unity","000000","https://unity.com/"
"Unreal Engine","313131","https://www.unrealengine.com/en-US/branding"
"Unsplash","000000","https://unsplash.com/"
"Untangle","68BD49","https://www.untangle.com/company-overview/"
"Untappd","FFC000","https://untappd.com/"
"UpLabs","3930D8","https://www.uplabs.com/"
"Uploaded","0E70CB","https://www.uploaded.net"
"Upwork","6FDA44","https://www.upwork.com/press/"
"V","5D87BF","https://github.com/vlang/v-logo"
"V8","4B8BF5","https://v8.dev/logo"
"Vagrant","1563FF","https://www.hashicorp.com/brand#vagrant"
"Valve","F74843","https://www.valvesoftware.com/"
"Vauxhall","EB001E","https://www.vauxhall.co.uk/content/dam/vauxhall/Home/brochure-library/commercial-vehicles/price-guide.pdf"
"vBulletin","184D66","https://commons.wikimedia.org/wiki/File:VBulletin.svg"
"Veeam","00B336","https://www.veeam.com/newsroom/veeam-graphics.html"
"Venmo","3D95CE","https://venmo.com/about/brand/"
"Vercel","000000","https://vercel.com/design"
"Veritas","B1181E","https://my.veritas.com/cs/groups/partner/documents/styleguide/mdaw/mdq5/~edisp/tus3cpeapp3855186572.pdf"
"Verizon","CD040B","https://www.verizondigitalmedia.com/about/logo-usage/"
"vFairs","EF4678","https://www.vfairs.com/"
"Viadeo","F88D2D","http://corporate.viadeo.com/en/media/resources"
"Viber","665CAC","https://www.viber.com/brand-center/"
"Vim","019733","https://commons.wikimedia.org/wiki/File:Vimlogo.svg"
"Vimeo","1AB7EA","https://vimeo.com/about/brand_guidelines"
"Vine","11B48A","https://vine.co/logo"
"Virb","0093DA","http://virb.com/about"
"VirtualBox","183A61","https://commons.wikimedia.org/wiki/File:Virtualbox_logo.png"
"VirusTotal","394EFF","https://www.virustotal.com/"
"Visa","142787","https://commons.wikimedia.org/wiki/File:Visa_2014_logo_detail.svg"
"Visual Studio","5C2D91","https://visualstudio.microsoft.com/"
"Visual Studio Code","007ACC","https://commons.wikimedia.org/wiki/File:Visual_Studio_Code_1.35_icon.svg"
"Vivaldi","EF3939","https://vivaldi.com/press/"
"Vivino","AA1329","https://www.vivino.com/press"
"VK","4680C2","https://vk.com/brand"
"VLC media player","FF8800","http://git.videolan.org/?p=vlc.git;a=tree;f=extras/package/macosx/asset_sources"
"VMware","607078","https://myvmware.workspaceair.com/"
"Vodafone","E60000","https://web.vodafone.com.eg/"
"Volkswagen","151F5D","https://www.volkswagen.ie/"
"Volvo","003057","https://www.media.volvocars.com/global/en-gb/logos"
"Vonage","FFFFFF","https://www.vonage.com"
"VSCO","000000","https://vsco.co/about/press/vsco-releases-redesigned-mobile-app"
"Vue.js","4FC08D","https://github.com/vuejs/art"
"Vuetify","1867C0","https://vuetifyjs.com/"
"Vulkan","AC162C","https://www.khronos.org/legal/trademarks/"
"Vultr","007BFC","https://www.vultr.com/company/brand-assets/"
"W3C","005A9C","https://www.w3.org/Consortium/Legal/logo-usage-20000308"
"Wagtail","43B1B0","https://github.com/wagtail/wagtail/blob/e3e46e23b780aa2b1b521de081cb81872f77466d/wagtail/admin/static_src/wagtailadmin/images/wagtail-logo.svg"
"WakaTime","000000","https://wakatime.com/legal/logos-and-trademark-usage"
"Warner Bros.","004DB4","https://www.warnerbros.com/"
"Wattpad","FF500A","https://company.wattpad.com/media-kit"
"Waze","333665","https://www.waze.com/"
"Wear OS","4285F4","https://partnermarketinghub.withgoogle.com/#/brands/"
"Weasyl","990000","https://www.weasyl.com/"
"WebAssembly","654FF0","https://webassembly.org/"
"WebAuthn","3423A6","https://github.com/apowers313/webauthn-logos"
"webcomponents.org","29ABE2","https://www.webcomponents.org/"
"WebGL","990000","https://www.khronos.org/legal/trademarks/"
"Webmin","7DA0D0","https://github.com/webmin/webmin"
"WebMoney","036CB5","https://www.webmoney.ru/rus/developers/logos.shtml"
"Webpack","8DD6F9","https://webpack.js.org/branding/"
"WebRTC","333333","https://webrtc.org/press/"
"WebStorm","000000","https://www.jetbrains.com/company/brand/logos/"
"WeChat","07C160","https://wechat.design/standard/download/brand"
"WEMO","72D44C","https://commons.wikimedia.org/wiki/File:WeMoApp.svg"
"WhatsApp","25D366","https://www.whatsappbrand.com"
"When I Work","51A33D","https://wheniwork.com/"
"WhiteSource","161D4E","https://www.whitesourcesoftware.com/whitesource-media-kit/"
"Wii","8B8B8B","https://de.wikipedia.org/wiki/Datei:WiiU.svg"
"Wii U","8B8B8B","https://de.wikipedia.org/wiki/Datei:WiiU.svg"
"Wikimedia Commons","006699","https://commons.wikimedia.org/wiki/File:Commons-logo.svg"
"Wikipedia","000000","https://en.wikipedia.org/wiki/Logo_of_Wikipedia"
"Windows","0078D6","https://commons.wikimedia.org/wiki/File:Windows_10_Logo.svg"
"Windows 95","008080","https://en.wikipedia.org/wiki/Windows_95"
"Windows XP","003399","https://commons.wikimedia.org/wiki/File:Windows_logo_-_2002%E2%80%932012_(Multicolored).svg"
"Wire","000000","http://brand.wire.com"
"WireGuard","88171A","https://www.wireguard.com/img/wireguard.svg"
"Wireshark","1679A7","https://gitlab.com/wanduow/wireshark/-/blob/master/image/wsicon.svg"
"Wish","2FB7EC","https://wish.com/"
"Wistia","54BBFF","https://wistia.com/about/assets"
"Wix","0C6EFC","http://www.wix.com/about/design-assets"
"Wizz Air","C6007E","https://wizzair.com/en-gb/information-and-services/about-us/press-office/logos"
"Wolfram","DD1100","http://company.wolfram.com/press-center/wolfram-corporate/"
"Wolfram Language","DD1100","http://company.wolfram.com/press-center/language/"
"Wolfram Mathematica","DD1100","http://company.wolfram.com/press-center/mathematica/"
"Woo","96588A","https://woocommerce.com/style-guide/"
"WooCommerce","96588A","https://woocommerce.com/style-guide/"
"WordPress","21759B","https://wordpress.org/about/logos"
"Workplace","20252D","https://en.facebookbrand.com/"
"World Health Organization","0093D5","https://www.who.int/"
"WP Engine","40BAC8","https://wpengine.com/"
"WP Rocket","F56640","https://wp-rocket.me/"
"write.as","5BC4EE","https://write.as/brand"
"WWE","000000","https://commons.wikimedia.org/wiki/File:WWE_Network_logo.svg"
"X-Pack","005571","https://www.elastic.co/brand"
"X.Org","F28834","https://upload.wikimedia.org/wikipedia/commons/9/90/X.Org_Logo.svg"
"Xamarin","3498DB","https://github.com/dotnet/swag/tree/master/xamarin"
"XAML","0C54C2","https://github.com/microsoft/microsoft-ui-xaml/issues/1185#issuecomment-529731046"
"XAMPP","FB7A24","https://www.apachefriends.org/en/"
"Xbox","107C10","http://mspartner-public.sharepoint.com/XBOX%20Games/Xbox%20logo's%20+%20Guidelines/Xbox%20Live/Xbox_Live_Guidelines_10-4-13.pdf"
"Xcode","1575F9","https://developer.apple.com/develop/"
"XDA Developers","EA7100","https://www.xda-developers.com/"
"Xero","13B5EA","https://www.xero.com/uk/about/media/downloads"
"XFCE","2284F2","https://www.xfce.org/download#artwork"
"Xiaomi","FA6709","https://www.mi.com/global"
"Xing","006567","https://dev.xing.com/logo_rules"
"XMPP","002B5C","https://commons.wikimedia.org/wiki/File:XMPP_logo.svg"
"XRP","25A768","https://xrpl.org/"
"XSplit","0095DE","https://www.xsplit.com/presskit"
"Y Combinator","F0652F","https://www.ycombinator.com/press/"
"Yahoo!","6001D2","https://yahoo.com/"
"Yamaha Corporation","4B1E78","https://www.yamaha.com/en/"
"Yamaha Motor Corporation","E60012","https://en.wikipedia.org/wiki/Yamaha_Motor_Company"
"Yammer","106EBE","https://developer.microsoft.com/en-us/fabric#/styles/web/colors/products"
"Yandex","FF0000","https://yandex.com/company/general_info/logotype_rules"
"Yarn","2C8EBB","https://github.com/yarnpkg/assets"
"Yelp","D32323","https://www.yelp.com/styleguide/icons"
"Yoast","A4286A","https://yoast.com/media/logo/"
"YouTube","FF0000","https://www.youtube.com/yt/about/brand-resources/#logos-icons-colors"
"YouTube Gaming","FF0000","https://gaming.youtube.com/"
"YouTube Music","FF0000","https://partnermarketinghub.withgoogle.com/#/brands/"
"YouTube Studio","FF0000","https://www.youtube.com/"
"YouTube TV","FF0000","https://play.google.com/store/apps/details?id=com.google.android.apps.youtube.unplugged"
"Z-Wave","1B365D","https://www.z-wave.com/"
"Zalando","FF6900","https://www.zalando.co.uk/"
"Zapier","FF4A00","https://zapier.com/about/brand"
"ZDF","FA7D19","https://www.zdf.de/"
"Zend","0679EA","https://www.zend.com/"
"Zend Framework","68B604","https://framework.zend.com/"
"Zendesk","03363D","https://www.zendesk.com/company/brand-assets/#logo"
"Zenn","3EA8FF","https://zenn.dev/mediakit"
"ZeroMQ","DF0000","https://github.com/zeromq/zeromq.org/blob/master/static/safari-pinned-tab.svg"
"Zerply","9DBC7A","https://zerply.com/about/resources"
"Zhihu","0084FF","https://www.zhihu.com/"
"Zigbee","EB0443","https://zigbeealliance.org/solution/zigbee/"
"Zillow","0074E4","http://zillow.mediaroom.com/logos"
"Zingat","009CFB","https://www.zingat.com/kurumsal-logolar"
"Zoom","2D8CFF","https://zoom.us/brandguidelines"
"Zorin","0CC1F3","https://zorinos.com/press/"
"Zulip","FFFFFF","https://github.com/zulip/zulip/blob/df9e40491dc77b658d943cff36a816d46e32ce1b/static/images/logo/zulip-org-logo.svg"
